[{"2":"HP +0.3%","3":"HP +0.3%","4":"Star Points +5%","5":"G-Stones x 50","6":"Dmg +0.3%","7":"Showdown Revenue +5%","8":"Movement Spd +0.3%","9":"HP +0.3%","10":"Title","11":"HP +0.3%","12":"Movement Spd +0.3%","13":"Showdown Prep Rush +5%","14":"HP +0.3%","15":"G-Stones x 100","16":"HP +0.3%","17":"Showdown Revenue +5%","18":"Movement Spd +0.3%","19":"Star Points +5%","20":"G-Stones x 100","21":"Showdown Prep Rush +5%","22":"Movement Spd +0.6%","23":"Star Points +5%","24":"Dmg +0.3%","25":"G-Stones x 50","26":"HP +0.6%","27":"Showdown Revenue +5%","28":"HP +0.6%","29":"Showdown Prep Rush +5%","30":"G-stones x 100","UNIT":"Anguirus"},{"2":"Dmg +0.3%","3":"Dmg +0.3%","4":"Star Points +5%","5":"G-Stones x 50","6":"Dmg +0.3%","7":"Showdown Revenue +5%","8":"Movement Speed +0.3%","9":"Leader HP +0.5%","10":"Title","11":"HP +0.3%","12":"Dmg +0.3%","13":"Showdown Prep Rush +5%","14":"Dmg +0.6%","15":"Victory Pose B","16":"HP +0.3%","17":"Leader Dmg +0.5%","18":"Movement Speed +0.3%","19":"Star Points +5%","20":"Imago Skin A","21":"Showdown Prep Rush +5%","22":"Dmg +0.6%","23":"Star Points +5%","24":"Leader HP +1%","25":"G-Stones x 50","26":"Dmg +0.6%","27":"Showdown Revenue +5%","28":"HP +0.3%","29":"Leader Dmg +1%","30":"G-stones x 100","UNIT":"Battra"},{"2":"Dmg +0.3%","3":"HP + 0.3%","4":"Showdown Prep Rush +5%","5":"G-Stones x 50","6":"Dmg +0.3%","7":"Showdown Revenue +5%","8":"Movement Spd +0.3%","9":"Leader HP +0.5%","10":"Title","11":"HP +0.3%","12":"Movement Spd +0.3%","13":"Showdown Revenue +5%","14":"Dmg +0.3%","15":"Victory Pose B","16":"HP +0.3%","17":"Leader Dmg +0.5%","18":"Movement Spd +0.3%","19":"Showdown Revenue +5%","20":"G-stones x 100","21":"Showdown Prep Rush +5%","22":"Movement Spd +0.6%","23":"Star Points +5%","24":"Leader HP +1%","25":"G-Stones x 50","26":"Dmg +0.6%","27":"Showdown Revenue +5%","28":"HP +0.6%","29":"Leader Dmg +1%","30":"G-stones x 100","UNIT":"Biollante"},{"2":"Dmg +0.3%","3":"HP + 0.3%","4":"Star Points +5%","5":"G-Stones x 50","6":"Dmg +0.3%","7":"Showdown Revenue +5%","8":"Movement Spd +0.3%","9":"HP + 0.3%","10":"Title","11":"HP +0.3%","12":"Movement Spd +0.3%","13":"Showdown Prep Rush +5%","14":"Dmg +0.3%","15":"G-stones x 100","16":"HP +0.3%","17":"Showdown Revenue +5%","18":"Movement Spd +0.3%","19":"Showdown Revenue +5%","20":"G-stones x 100","21":"Showdown Prep Rush +5%","22":"Movement Spd +0.6%","23":"Showdown Revenue +5%","24":"Dmg +0.3%","25":"G-Stones x 50","26":"Dmg +0.6%","27":"Showdown Revenue +5%","28":"HP +0.6%","29":"Showdown Prep Rush +5%","30":"G-stones x 100","UNIT":"Burning Godzilla"},{"2":"Dmg +0.3%","3":"HP + 0.3%","4":"Star Points +5%","5":"G-Stones x 51","6":"Dmg +0.3%","7":"Showdown Prep Rush +5%","8":"Movement Spd +0.3%","9":"HP + 0.3%","10":"Title","11":"HP +0.3%","12":"Movement Spd +0.3%","13":"Showdown Revenue +5%","14":"Dmg +0.3%","15":"G-stones x 100","16":"HP +0.3%","17":"Showdown Prep Rush +5%","18":"Movement Spd +0.3%","19":"Star Points +5%","20":"G-stones x 100","21":"Showdown Prep Rush +5%","22":"Movement Spd +0.6%","23":"Star Points +5%","24":"Dmg +0.3%","25":"G-Stones x 50","26":"Dmg +0.6%","27":"Star Points +5%","28":"HP +0.6%","29":"Star Points +5%","30":"G-stones x 100","UNIT":"Desighidorah"},{"2":"Dmg +0.3%","3":"HP + 0.3%","4":"Star Points +5%","5":"G-Stones x 50","6":"Dmg +0.3%","7":"Showdown Revenue +5%","8":"Movement Spd +0.3%","9":"HP + 0.3%","10":"Title","11":"HP +0.3%","12":"Movement Spd +0.3%","13":"Showdown Prep Rush +5%","14":"Dmg +0.3%","15":"G-stones x 100","16":"HP +0.3%","17":"Showdown Prep Rush +5%","18":"Movement Spd +0.3%","19":"Showdown Revenue +5%","20":"G-stones x 100","21":"Showdown Prep Rush +5%","22":"Movement Spd +0.6%","23":"Showdown Revenue +5%","24":"Dmg +0.3%","25":"G-Stones x 50","26":"Dmg +0.6%","27":"Showdown Revenue +5%","28":"HP +0.6%","29":"Showdown Prep Rush +5%","30":"G-stones x 100","UNIT":"Destoroyah Larva"},{"2":"Dmg +0.3%","3":"HP + 0.3%","4":"Star Points +5%","5":"G-Stones x 50","6":"Dmg +0.3%","7":"Showdown Prep Rush +5%","8":"Movement Spd +0.3%","9":"HP + 0.3%","10":"Title","11":"HP +0.3%","12":"Movement Spd +0.3%","13":"Showdown Prep Rush +5%","14":"Dmg +0.3%","15":"G-stones x 100","16":"HP +0.3%","17":"Showdown Revenue +5%","18":"Movement Spd +0.3%","19":"Showdown Revenue +5%","20":"G-stones x 100","21":"Showdown Prep Rush +5%","22":"Movement Spd +0.6%","23":"Star Points +5%","24":"Dmg +0.3%","25":"G-Stones x 50","26":"Dmg +0.6%","27":"Showdown Prep Rush +5%","28":"HP +0.6%","29":"Showdown Prep Rush +5%","30":"G-stones x 100","UNIT":"Dorats"},{"2":"Dmg +0.3%","3":"HP + 0.3%","4":"Star Points +5%","5":"G-Stones x 50","6":"Dmg +0.3%","7":"Star Points +5%","8":"Movement Spd +0.3%","9":"Leader HP +0.5%","10":"Title","11":"HP +0.3%","12":"Movement Spd +0.3%","13":"Showdown Prep Rush +5%","14":"Dmg +0.3%","15":"Victory Pose B","16":"HP +0.3%","17":"Leader Dmg +0.5%","18":"Movement Spd +0.3%","19":"Star Points +5%","20":"Fire Rodan Skin A","21":"Showdown Prep Rush +5%","22":"Movement Spd +0.6%","23":"Star Points +5%","24":"Leader HP +1%","25":"G-Stones x 50","26":"Dmg +0.6%","27":"Showdown Revenue +5%","28":"HP +0.6%","29":"Leader Dmg +1%","30":"G-stones x 100","UNIT":"Fire Rodan"},{"2":"Dmg +0.3%","3":"HP + 0.3%","4":"Showdown Prep Rush +5%","5":"G-Stones x 50","6":"Dmg +0.3%","7":"Showdown Prep Rush +5%","8":"Movement Spd +0.3%","9":"Leader HP +0.5%","10":"Title","11":"HP +0.3%","12":"Movement Spd +0.3%","13":"Showdown Prep Rush +5%","14":"Dmg +0.3%","15":"G-stones x 100","16":"HP +0.3%","17":"Star Points +5%","18":"Movement Spd +0.3%","19":"Star Points +5%","20":"Skin A","21":"Showdown Prep Rush +5%","22":"Movement Spd +0.6%","23":"Star Points +5%","24":"Dmg +0.3%","25":"G-Stones x 50","26":"Dmg +0.6%","27":"Showdown Revenue +5%","28":"HP +0.6%","29":"Showdown Prep Rush +5%","30":"G-stones x 100","UNIT":"Gigan 04"},{"2":"Dmg +0.3%","3":"HP + 0.3%","4":"Star Points +5%","5":"G-Stones x 50","6":"Dmg +0.3%","7":"Showdown Revenue +5%","8":"Movement Spd +0.3%","9":"Leader HP +0.5%","10":"Title","11":"HP +0.3%","12":"Movement Spd +0.3%","13":"Showdown Prep Rush +5%","14":"Movement Spd +0.6%","15":"Victory Pose","16":"Movement Spd +0.6%","17":"Leader Dmg +0.5%","18":"Movement Spd +0.3%","19":"Star Points +5%","20":"G-stones x 100","21":"Showdown Prep Rush +5%","22":"Movement Spd +0.6%","23":"Star Points +5%","24":"Leader HP +1%","25":"G-Stones x 50","26":"Dmg +0.3%","27":"Showdown Revenue +5%","28":"Movement Spd +0.3%","29":"Leader Dmg +1%","30":"G-stones x 100","UNIT":"Gigan 72"},{"2":"Dmg +0.3%","3":"HP + 0.3%","4":"Star Points +5%","5":"G-Stones x 50","6":"Dmg +0.3%","7":"Showdown Revenue +5%","8":"Movement Spd +0.3%","9":"Dmg +0.3%","10":"Title","11":"HP +0.3%","12":"Movement Spd +0.3%","13":"Showdown Prep Rush +5%","14":"Dmg +0.3%","15":"G-stones x 100","16":"HP +0.3%","17":"Showdown Revenue +5%","18":"Dmg +0.3%","19":"Star Points +5%","20":"G-stones x 100","21":"Showdown Prep Rush +5%","22":"Dmg +0.6%","23":"Star Points +5%","24":"Dmg +0.3%","25":"G-Stones x 50","26":"Dmg +0.6%","27":"Showdown Revenue +5%","28":"HP +0.6%","29":"Showdown Prep Rush +5%","30":"G-stones x 100","UNIT":"Godzilla 21"},{"2":"Dmg +0.3%","3":"HP + 0.3%","4":"Star Points +5%","5":"G-Stones x 50","6":"Dmg +0.3%","7":"Showdown Revenue +5%","8":"Movement Spd +0.3%","9":"HP +0.3%","10":"Title","11":"HP +0.3%","12":"Movement Spd +0.3%","13":"Showdown Prep Rush +5%","14":"Dmg +0.3%","15":"G-stones x 100","16":"HP +0.3%","17":"Showdown Revenue +5%","18":"Movement Speed +0.3%","19":"Star Points +5%","20":"G-Stones x 100","21":"Showdown Prep Rush +5%","22":"Movement Spd +0.6%","23":"Star Points +5%","24":"Dmg +0.3%","25":"G-Stones x 50","26":"Dmg +0.6%","27":"Showdown Revenue +5%","28":"HP +0.6%","29":"Showdown Prep Rush +5%","30":"G-stones x 100","UNIT":"Godzilla 54"},{"2":"Dmg +0.3%","3":"HP + 0.3%","4":"Star Points +5%","5":"G-Stones x 50","6":"Dmg +0.3%","7":"Showdown Revenue +5%","8":"Movement Spd +0.3%","9":"Leader HP +0.5%","10":"Title","11":"HP +0.3%","12":"Movement Spd +0.3%","13":"Showdown Prep Rush +5%","14":"Dmg +0.3%","15":"Victory Pose B","16":"HP +0.3%","17":"Leader Dmg +0.5%","18":"Movement Spd +0.3%","19":"Star Points +5%","20":"G-Stones x 100","21":"Showdown Prep Rush +5%","22":"Movement Spd +0.6%","23":"Star Points +5%","24":"Leader HP +1%","25":"Skin A","26":"Dmg +0.6%","27":"Showdown Revenue +5%","28":"HP +0.6%","29":"Leader Dmg +1%","30":"G-stones x 100","UNIT":"Godzilla 89"},{"2":"Dmg +0.3%","3":"HP + 0.3%","4":"Star Points +5%","5":"G-Stones x 50","6":"Dmg +0.3%","7":"Showdown Revenue +5%","8":"Movement Spd +0.3%","9":"Dmg +0.3%","10":"Title","11":"HP +0.3%","12":"Movement Spd +0.3%","13":"Showdown Prep Rush +5%","14":"Dmg +0.3%","15":"G-Stones x 100","16":"Dmg +0.3%","17":"Showdown Revenue +5%","18":"Movement Spd +0.3%","19":"Star Points +5%","20":"Skin A","21":"Showdown Prep Rush +5%","22":"Movement Spd +0.6%","23":"Star Points +5%","24":"Dmg +0.3%","25":"G-Stones x 50","26":"Dmg +0.6%","27":"Showdown Revenue +5%","28":"Dmg +0.6%","29":"Showdown Prep Rush +5%","30":"G-stones x 100","UNIT":"Godzilla Earth"},{"2":"Dmg +0.3%","3":"Dmg +0.3%","4":"Star Points +5%","5":"G-Stones x 50","6":"Dmg +0.3%","7":"Showdown Revenue +5%","8":"Movement Spd +0.3%","9":"Leader HP +0.5%","10":"Title","11":"HP +0.3%","12":"Dmg +0.3%","13":"Showdown Prep Rush +5%","14":"Dmg +0.6%","15":"Terrestris Skin A","16":"HP +0.3%","17":"Leader Dmg +0.5%","18":"Movement Spd +0.3%","19":"Star Points +5%","20":"Ultima Skin A","21":"Showdown Prep Rush +5%","22":"Dmg +0.6%","23":"Star Points +5%","24":"Leader HP +1%","25":"Victory Pose B","26":"Dmg +0.6%","27":"Showdown Revenue +5%","28":"HP +0.3%","29":"Leader Dmg +1%","30":"G-stones x 100","UNIT":"Godzilla Ultima"},{"2":"Dmg +0.3%","3":"HP + 0.3%","4":"Star Points +5%","5":"G-Stones x 50","6":"Dmg +0.3%","7":"Showdown Prep Rush +5%","8":"Movement Spd +0.3%","9":"HP + 0.3%","10":"Title","11":"HP +0.3%","12":"Movement Spd +0.3%","13":"Showdown Revenue +5%","14":"Dmg +0.3%","15":"G-stones x 100","16":"HP +0.3%","17":"Showdown Prep Rush +5%","18":"Movement Spd +0.3%","19":"Star Points +5%","20":"G-Stones x 100","21":"Showdown Prep Rush +5%","22":"Movement Spd +0.6%","23":"Star Points +5%","24":"Dmg +0.3%","25":"G-Stones x 50","26":"Dmg +0.6%","27":"Showdown Revenue +5%","28":"HP +0.3%","29":"Star Points +5%","30":"G-stones x 100","UNIT":"Hedorah"},{"2":"Dmg +0.3%","3":"HP + 0.3%","4":"Star Points +5%","5":"G-Stones x 50","6":"Dmg +0.3%","7":"Showdown Revenue +5%","8":"Movement Spd +0.3%","9":"HP + 0.3%","10":"Title","11":"HP + 0.3%","12":"Movement Spd +0.3%","13":"Showdown Prep Rush +5%","14":"Dmg +0.3%","15":"G-stones x 100","16":"HP + 0.3%","17":"Showdown Revenue +5%","18":"Movement Spd +0.3%","19":"Star Points +5%","20":"G-stones x 100","21":"Showdown Prep Rush +5%","22":"Movement Spd +0.6%","23":"Star Points +5%","24":"Dmg +0.3%","25":"G-Stones x 50","26":"Dmg +0.6%","27":"Showdown Revenue +5%","28":"HP +0.6%","29":"Showdown Prep Rush +5%","30":"G-stones x 100","UNIT":"Jet Jaguar 73"},{"2":"Dmg +0.3%","3":"HP + 0.3%","4":"Star Points +5%","5":"G-Stones x 50","6":"Dmg +0.3%","7":"Showdown Revenue +5%","8":"Movement Spd +0.3%","9":"Leader HP +0.5%","10":"Title","11":"HP + 0.3%","12":"Movement Spd +0.3%","13":"Showdown Prep Rush +5%","14":"Dmg +0.3%","15":"G-stones x 50","16":"HP +0.3%","17":"Leader Dmg +0.5%","18":"Movement Spd +0.3%","19":"Star Points +5%","20":"G-stones x 100","21":"Showdown Prep Rush +5%","22":"Movement Spd +0.6%","23":"Star Points +5%","24":"Leader HP +1%","25":"Victory Pose B","26":"Dmg +0.6%","27":"Showdown Revenue +5%","28":"HP +0.6%","29":"Leader Dmg +1%","30":"G-stones x 100","UNIT":"Jet jaguar SP"},{"2":"Dmg +0.3%","3":"HP + 0.3%","4":"Star Points +5%","5":"G-Stones x 50","6":"Dmg +0.3%","7":"Showdown Revenue +5%","8":"Movement Spd +0.3%","9":"Dmg +0.3%","10":"Title","11":"HP + 0.3%","12":"Movement Spd +0.3%","13":"Showdown Prep Rush +5%","14":"Dmg +0.3%","15":"G-stones x 100","16":"HP + 0.3%","17":"Showdown Revenue +5%","18":"Dmg +0.3%","19":"Star Points +5%","20":"G-stones x 100","21":"Showdown Prep Rush +5%","22":"Movement Spd +0.6%","23":"Star Points +5%","24":"Dmg +0.3%","25":"G-Stones x 50","26":"Dmg +0.6%","27":"Showdown Revenue +5%","28":"HP +0.6%","29":"Showdown Prep Rush +5%","30":"G-stones x 100","UNIT":"Kamacurus + Swarm"},{"2":"Dmg +0.3%","3":"HP + 0.3%","4":"Star Points +5%","5":"G-Stones x 50","6":"Dmg +0.3%","7":"Showdown Prep Rush +5%","8":"Movement Spd +0.3%","9":"HP + 0.3%","10":"Title","11":"HP + 0.3%","12":"Movement Spd +0.3%","13":"Showdown Prep Rush +5%","14":"Dmg +0.3%","15":"G-stones x 100","16":"HP + 0.3%","17":"Showdown Revenue +5%","18":"Movement Spd +0.3%","19":"Star Points +5%","20":"G-stones x 100","21":"Showdown Prep Rush +5%","22":"Movement Spd +0.6%","23":"Star Points +5%","24":"Dmg +0.3%","25":"G-Stones x 50","26":"Dmg +0.6%","27":"Showdown Prep Rush +5%","28":"HP +0.6%","29":"Showdown Prep Rush +5%","30":"G-stones x 100","UNIT":"King Caesar"},{"2":"Dmg +0.3%","3":"HP + 0.3%","4":"Star Points +5%","5":"G-Stones x 50","6":"Dmg +0.3%","7":"Showdown Revenue +5%","8":"Dmg +0.3%","9":"Leader HP +0.5%","10":"Title","11":"Dmg +0.3%","12":"Movement Spd +0.3%","13":"Showdown Prep Rush +5%","14":"Dmg +0.6%","15":"Victory Pose B","16":"HP +0.3%","17":"Leader Dmg +0.5%","18":"Dmg +0.6%","19":"Star Points +5%","20":"Skin A","21":"Showdown Prep Rush +5%","22":"Movement Spd +0.3%","23":"Star Points +5%","24":"Leader HP +1%","25":"G-Stones x 50","26":"Dmg +0.6%","27":"Showdown Revenue +5%","28":"HP +0.3%","29":"Leader Dmg +1%","30":"G-stones x 100","UNIT":"Kiryu"},{"2":"Dmg +0.3%","3":"HP + 0.3%","4":"Star Points +5%","5":"G-Stones x 50","6":"Dmg +0.3%","7":"Showdown Revenue +5%","8":"HP + 0.3%","9":"Leader HP +0.5%","10":"Title","11":"HP + 0.3%","12":"Movement Spd +0.3%","13":"Showdown Prep Rush +5%","14":"HP + 0.6%","15":"G-stones x 100","16":"HP + 0.3%","17":"Leader Dmg +0.5%","18":"HP + 0.6%","19":"Star Points +5%","20":"G-stones x 100","21":"Showdown Prep Rush +5%","22":"Movement Spd +0.3%","23":"Star Points +5%","24":"Leader HP +1%","25":"G-Stones x 50","26":"Dmg +0.3%","27":"Showdown Revenue +5%","28":"HP +0.6%","29":"Leader Dmg +1%","30":"G-stones x 100","UNIT":"Kong"},{"2":"Dmg +0.3%","3":"HP + 0.3%","4":"Showdown Prep Rush +5%","5":"G-Stones x 50","6":"Dmg +0.3%","7":"Showdown Revenue +5%","8":"Movement Spd +0.3%","9":"Leader HP +0.5%","10":"Title","11":"HP + 0.3%","12":"Movement Spd +0.3%","13":"Showdown Prep Rush +5%","14":"Dmg +0.3%","15":"Victory Pose B","16":"HP + 0.3%","17":"Leader Dmg +0.5%","18":"Movement Spd +0.3%","19":"Showdown Prep Rush +5%","20":"G-stones x 100","21":"Showdown Prep Rush +5%","22":"Movement Spd +0.6%","23":"Star Points +5%","24":"Leader HP +1%","25":"G-Stones x 50","26":"Dmg +0.6%","27":"Showdown Revenue +5%","28":"HP +0.6%","29":"Leader Dmg +1%","30":"G-stones x 100","UNIT":"Mechagodzilla"},{"2":"Dmg +0.3%","3":"HP + 0.3%","4":"Star Points +5%","5":"G-Stones x 50","6":"Dmg +0.3%","7":"Showdown Revenue +5%","8":"Movement Spd +0.3%","9":"Leader HP +0.5%","10":"Title","11":"Movement Spd +0.3%","12":"HP + 0.3%","13":"Star Points +5%","14":"Dmg +0.3%","15":"Victory Pose B","16":"HP + 0.3%","17":"Leader Dmg +0.5%","18":"Movement Spd +0.3%","19":"Star Points +5%","20":"G-stones x 100","21":"Showdown Prep Rush +5%","22":"Movement Spd +0.6%","23":"Star Points +5%","24":"Leader HP +1%","25":"G-Stones x 50","26":"Dmg +0.6%","27":"Showdown Revenue +5%","28":"HP +0.6%","29":"Leader Dmg +1%","30":"G-stones x 100","UNIT":"Mecha King Ghidorah"},{"2":"Dmg +0.3%","3":"HP + 0.3%","4":"Star Points +5%","5":"G-Stones x 50","6":"Dmg +0.3%","7":"Showdown Revenue +5%","8":"Movement Spd +0.3%","9":"HP + 0.3%","10":"Title","11":"HP + 0.3%","12":"Movement Spd +0.3%","13":"Showdown Prep Rush +5%","14":"Dmg +0.3%","15":"G-stones x 100","16":"HP + 0.3%","17":"Showdown Revenue +5%","18":"Movement Spd +0.3%","19":"Star Points +5%","20":"G-stones x 100","21":"Showdown Prep Rush +5%","22":"Movement Spd +0.6%","23":"Star Points +5%","24":"Dmg +0.3%","25":"G-Stones x 50","26":"Dmg +0.6%","27":"Showdown Revenue +5%","28":"HP +0.6%","29":"Showdown Prep Rush +5%","30":"G-stones x 100","UNIT":"Megaguirus"},{"2":"Dmg +0.3%","3":"HP + 0.3%","4":"Star Points +5%","5":"G-Stones x 50","6":"Dmg +0.3%","7":"Showdown Revenue +5%","8":"Movement Spd +0.3%","9":"HP + 0.3%","10":"Title","11":"HP + 0.3%","12":"Movement Spd +0.3%","13":"Showdown Prep Rush +5%","14":"HP + 0.3%","15":"G-stones x 100","16":"HP + 0.3%","17":"Showdown Revenue +5%","18":"Dmg +0.3%","19":"Star Points +5%","20":"Skin A","21":"Showdown Prep Rush +5%","22":"HP + 0.3%","23":"Star Points +5%","24":"Dmg +0.6%","25":"G-Stones x 50","26":"HP +0.6%","27":"Showdown Revenue +5%","28":"HP +0.6%","29":"Showdown Prep Rush +5%","30":"G-stones x 100","UNIT":"Minilla"},{"2":"Dmg +0.3%","3":"HP + 0.3%","4":"Star Points +5%","5":"G-Stones x 50","6":"Dmg +0.3%","7":"Showdown Revenue +5%","8":"Movement Spd +0.3%","9":"Leader HP +0.5%","10":"Title","11":"HP + 0.3%","12":"Movement Spd +0.3%","13":"Showdown Prep Rush +5%","14":"Dmg +0.3%","15":"Victory Pose B","16":"HP + 0.3%","17":"Leader Dmg +0.5%","18":"Movement Spd +0.3%","19":"Showdown Prep Rush +5%","20":"Imago Skin A","21":"Showdown Prep Rush +5%","22":"Movement Spd +0.6%","23":"Star Points +5%","24":"Leader HP +1%","25":"G-Stones x 50","26":"Dmg +0.6%","27":"Showdown Prep Rush +5%","28":"HP +0.6%","29":"Leader Dmg +1%","30":"G-stones x 100","UNIT":"Mothra 92"},{"2":"Dmg +0.3%","3":"Movement Spd +0.3%","4":"Star Points +5%","5":"G-Stones x 50","6":"Dmg +0.3%","7":"Showdown Revenue +5%","8":"Movement Spd +0.3%","9":"HP + 0.3%","10":"Title","11":"Movement Spd +0.3%","12":"Movement Spd +0.3%","13":"Showdown Prep Rush +5%","14":"Dmg +0.3%","15":"G-stones x 100","16":"HP + 0.3%","17":"Showdown Revenue +5%","18":"Movement Spd +0.3%","19":"Star Points +5%","20":"G-stones x 100","21":"Showdown Prep Rush +5%","22":"Movement Spd +0.6%","23":"Star Points +5%","24":"Movement Spd +0.3%","25":"G-Stones x 50","26":"Dmg +0.6%","27":"Showdown Revenue +5%","28":"Movement Spd +0.6%","29":"Showdown Prep Rush +5%","30":"G-stones x 100","UNIT":"Mothra Leo"},{"2":"Dmg +0.3%","3":"Movement Spd +0.3%","4":"Star Points +5%","5":"G-Stones x 50","6":"Dmg +0.3%","7":"Showdown Revenue +5%","8":"Movement Spd +0.3%","9":"HP + 0.3%","10":"Title","11":"Movement Spd +0.3%","12":"Movement Spd +0.3%","13":"Showdown Prep Rush +5%","14":"Dmg +0.3%","15":"G-stones x 100","16":"HP + 0.3%","17":"Showdown Revenue +5%","18":"Movement Spd +0.3%","19":"Star Points +5%","20":"G-stones x 100","21":"Showdown Prep Rush +5%","22":"Movement Spd +0.6%","23":"Star Points +5%","24":"Movement Spd +0.3%","25":"G-Stones x 50","26":"Dmg +0.6%","27":"Showdown Revenue +5%","28":"Movement Spd +0.6%","29":"Showdown Prep Rush +5%","30":"G-stones x 100","UNIT":"Neronga"},{"2":"Dmg +0.3%","3":"Movement Spd +0.3%","4":"Star Points +5%","5":"G-Stones x 50","6":"Dmg +0.3%","7":"Showdown Revenue +5%","8":"Movement Spd +0.3%","9":"HP + 0.3%","10":"Title","11":"Movement Spd +0.3%","12":"Movement Spd +0.3%","13":"Showdown Prep Rush +5%","14":"Dmg +0.3%","15":"G-stones x 100","16":"HP + 0.3%","17":"Showdown Revenue +5%","18":"Movement Spd +0.3%","19":"Star Points +5%","20":"G-stones x 100","21":"Showdown Prep Rush +5%","22":"Movement Spd +0.6%","23":"Star Points +5%","24":"Movement Spd +0.3%","25":"G-Stones x 50","26":"Dmg +0.6%","27":"Showdown Revenue +5%","28":"Movement Spd +0.6%","29":"Showdown Prep Rush +5%","30":"G-stones x 100","UNIT":"Rodan 64"},{"2":"Dmg +0.3%","3":"HP + 0.3%","4":"Star Points +5%","5":"G-Stones x 50","6":"Dmg +0.3%","7":"Showdown Revenue +5%","8":"Movement Spd +0.3%","9":"Leader HP +0.5%","10":"Title","11":"HP + 0.3%","12":"Movement Spd +0.3%","13":"Showdown Prep Rush +5%","14":"Dmg +0.3%","15":"Victory Pose B","16":"HP + 0.3%","17":"Leader Dmg +0.5%","18":"Movement Spd +0.3%","19":"Showdown Prep Rush +5%","20":"G-stones x 100","21":"Showdown Prep Rush +5%","22":"Movement Spd +0.6%","23":"Star Points +5%","24":"Leader HP +1%","25":"G-Stones x 50","26":"Dmg +0.6%","27":"Showdown Revenue +5%","28":"HP +0.6%","29":"Leader Dmg +1%","30":"G-stones x 100","UNIT":"Shin Godzilla"},{"2":"Dmg +0.3%","3":"HP + 0.3%","4":"Star Points +5%","5":"G-Stones x 50","6":"Movement Spd +0.3%","7":"Showdown Revenue +5%","8":"HP + 0.3%","9":"Leader HP +0.5%","10":"Title","11":"HP + 0.3%","12":"Movement Spd +0.3%","13":"Showdown Prep Rush +5%","14":"HP + 0.3%","15":"Victory Pose B","16":"HP + 0.6%","17":"Leader Dmg +0.5%","18":"Movement Spd +0.3%","19":"Star Points +5%","20":"G-stones x 100","21":"Showdown Prep Rush +5%","22":"HP + 0.6%","23":"Star Points +5%","24":"Leader HP +1%","25":"Skin A","26":"Dmg +0.3%","27":"Showdown Revenue +5%","28":"HP +0.6%","29":"Leader Dmg +1%","30":"G-stones x 100","UNIT":"Spacegodzilla"},{"2":"Dmg +0.3%","3":"HP + 0.3%","4":"Star Points +5%","5":"G-Stones x 50","6":"Dmg +0.3%","7":"Showdown Revenue +5%","8":"Movement Spd +0.3%","9":"HP + 0.3%","10":"Title","11":"HP + 0.3%","12":"Movement Spd +0.3%","13":"Showdown Prep Rush +5%","14":"Dmg +0.3%","15":"G-Stones x 100","16":"HP + 0.3%","17":"Showdown Revenue +5%","18":"Movement Spd +0.3%","19":"Star Points +5%","20":"G-Stones x 100","21":"Showdown Prep Rush +5%","22":"Movement Spd +0.6%","23":"Star Points +5%","24":"Dmg +0.3%","25":"G-Stones x 50","26":"Dmg +0.6%","27":"Showdown Revenue +5%","28":"HP +0.6%","29":"Showdown Prep Rush +5%","30":"G-stones x 100","UNIT":"Ultraman"},{"2":"Dmg +0.3%","3":"HP + 0.3%","4":"Star Points +5%","5":"G-Stones x 50","6":"Dmg +0.3%","7":"Showdown Revenue +5%","8":"Movement Spd +0.3%","9":"Leader HP +0.5%","10":"Title","11":"HP + 0.3%","12":"Movement Spd +0.3%","13":"Showdown Prep Rush +5%","14":"Dmg +0.3%","15":"Victory Pose B","16":"HP + 0.3%","17":"Leader Dmg +0.5%","18":"Movement Spd +0.3%","19":"Star Points +5%","20":"G-stones x 100","21":"Showdown Prep Rush +5%","22":"Movement Spd +0.6%","23":"Star Points +5%","24":"Leader HP +1%","25":"G-Stones x 50","26":"Dmg +0.6%","27":"Showdown Revenue +5%","28":"HP +0.6%","29":"Leader Dmg +1%","30":"G-stones x 100","UNIT":"Destoroyah"},{"2":"Dmg +0.3%","3":"HP + 0.3%","4":"Star Points +5%","5":"G-Stones x 50","6":"Dmg +0.3%","7":"Showdown Prep Rush +5%","8":"Movement Spd +0.3%","9":"HP + 0.3%","10":"Title","11":"HP + 0.3%","12":"Movement Spd +0.3%","13":"Showdown Revenue +5%","14":"Dmg +0.3%","15":"G-stones x 100","16":"HP + 0.3%","17":"Showdown Prep Rush +5%","18":"Movement Spd +0.3%","19":"Star Points +5%","20":"Skin A","21":"Showdown Prep Rush +5%","22":"Movement Spd +0.6%","23":"Star Points +5%","24":"Dmg +0.3%","25":"Skin B","26":"Dmg +0.6%","27":"Star Points +5%","28":"HP +0.6%","29":"Star Points +5%","30":"G-stones x 100","UNIT":"Giant Octopus"}]