[{"Unit Name":"Air Base","ALIASES":"","EMOJI":"<:Air_Base:982860052610318336>","COST":"5","RARITY":"2","IS A UNIT":"TRUE","IS AN EFFECT":"FALSE","HP":"85","ATK":"0","ATK SPD":"1.1","HITS PER ATTACK":"1","RUSH MULTIPLIER":"0","AOE":"FALSE","ATK SPD AIR":"0","EFFECT RANGE":"0","REACH":"Long","SEARCH":"Wide","EVOLVE TIME":"0","EVOLUTION":"","ISFINALEVOLUTION":"","LEADER":"FALSE","LEADER HP":"0","LEADER ATK":"0","LEADER ATK SPD":"0","LEADER REACH":"0","LEADER RANGE":"0","BUILDING":"TRUE","BUILDING DURATION":"31","BUILDING UNIT HP":"20","BUILDING UNIT ATK":"11","ENERGY GENERATION":"0","BURN TIMER":"0","RECOVERY AMOUNT":"0","SELF RECOVERY":"0","ACID DMG":"0","SLOW TIME":"0","STUN TIME":"0","BURN DMG":"0","TELEPORT TIME":"0","SPD DECREASE":"0","DIGGING DMG":"0","INFO":"","NOTICE":""},{"Unit Name":"Anguirus","ALIASES":"","EMOJI":"<:Anguirus:982860053671444581>","COST":"4","RARITY":"2","IS A UNIT":"TRUE","IS AN EFFECT":"FALSE","HP":"330","ATK":"60","ATK SPD":"2.7","HITS PER ATTACK":"1","RUSH MULTIPLIER":"0","AOE":"FALSE","ATK SPD AIR":"0","EFFECT RANGE":"0","REACH":"Medium","SEARCH":"Medium","EVOLVE TIME":"0","EVOLUTION":"","ISFINALEVOLUTION":"","LEADER":"FALSE","LEADER HP":"0","LEADER ATK":"0","LEADER ATK SPD":"0","LEADER REACH":"0","LEADER RANGE":"0","BUILDING":"FALSE","BUILDING DURATION":"0","BUILDING UNIT HP":"0","BUILDING UNIT ATK":"0","ENERGY GENERATION":"0","BURN TIMER":"0","RECOVERY AMOUNT":"0","SELF RECOVERY":"0","ACID DMG":"0","SLOW TIME":"0","STUN TIME":"0","BURN DMG":"0","TELEPORT TIME":"0","SPD DECREASE":"0","DIGGING DMG":"0","INFO":"","NOTICE":""},{"Unit Name":"B-2 Bomber","ALIASES":"","EMOJI":"<:B_2_Bomber:982860054157991977>","COST":"5","RARITY":"1","IS A UNIT":"TRUE","IS AN EFFECT":"FALSE","HP":"150","ATK":"60","ATK SPD":"3","HITS PER ATTACK":"1","RUSH MULTIPLIER":"0","AOE":"FALSE","ATK SPD AIR":"0","EFFECT RANGE":"0","REACH":"Short","SEARCH":"Medium","EVOLVE TIME":"0","EVOLUTION":"","ISFINALEVOLUTION":"","LEADER":"FALSE","LEADER HP":"0","LEADER ATK":"0","LEADER ATK SPD":"0","LEADER REACH":"0","LEADER RANGE":"0","BUILDING":"FALSE","BUILDING DURATION":"0","BUILDING UNIT HP":"0","BUILDING UNIT ATK":"0","ENERGY GENERATION":"0","BURN TIMER":"0","RECOVERY AMOUNT":"0","SELF RECOVERY":"0","ACID DMG":"0","SLOW TIME":"0","STUN TIME":"0","BURN DMG":"0","TELEPORT TIME":"0","SPD DECREASE":"0","DIGGING DMG":"0","INFO":"","NOTICE":""},{"Unit Name":"Battra Imago","ALIASES":"","EMOJI":"<:Battra_Imago:982860055449858098>","COST":"5","RARITY":"4","IS A UNIT":"TRUE","IS AN EFFECT":"FALSE","HP":"572","ATK":"173","ATK SPD":"2.1","HITS PER ATTACK":"1","RUSH MULTIPLIER":"0","AOE":"FALSE","ATK SPD AIR":"0","EFFECT RANGE":"0","REACH":"Long","SEARCH":"Wide","EVOLVE TIME":"0","EVOLUTION":"Battra Larva","ISFINALEVOLUTION":"TRUE","LEADER":"TRUE","LEADER HP":"5218","LEADER ATK":"289","LEADER ATK SPD":"2.3","LEADER REACH":"Long","LEADER RANGE":"Wide","BUILDING":"FALSE","BUILDING DURATION":"0","BUILDING UNIT HP":"0","BUILDING UNIT ATK":"0","ENERGY GENERATION":"0","BURN TIMER":"0","RECOVERY AMOUNT":"0","SELF RECOVERY":"0","ACID DMG":"0","SLOW TIME":"0","STUN TIME":"0","BURN DMG":"0","TELEPORT TIME":"0","SPD DECREASE":"0","DIGGING DMG":"0","INFO":"#REF!","NOTICE":""},{"Unit Name":"Battra Larva","ALIASES":"","EMOJI":"<:Battra_Larva:982860056334831647>","COST":"4","RARITY":"4","IS A UNIT":"TRUE","IS AN EFFECT":"FALSE","HP":"385","ATK":"104","ATK SPD":"1.8","HITS PER ATTACK":"1","RUSH MULTIPLIER":"0","AOE":"FALSE","ATK SPD AIR":"0","EFFECT RANGE":"0","REACH":"Long","SEARCH":"Wide","EVOLVE TIME":"25","EVOLUTION":"Battra Imago","ISFINALEVOLUTION":"FALSE","LEADER":"FALSE","LEADER HP":"0","LEADER ATK":"0","LEADER ATK SPD":"0","LEADER REACH":"0","LEADER RANGE":"0","BUILDING":"FALSE","BUILDING DURATION":"0","BUILDING UNIT HP":"0","BUILDING UNIT ATK":"0","ENERGY GENERATION":"0","BURN TIMER":"0","RECOVERY AMOUNT":"0","SELF RECOVERY":"0","ACID DMG":"0","SLOW TIME":"0","STUN TIME":"0","BURN DMG":"0","TELEPORT TIME":"0","SPD DECREASE":"0","DIGGING DMG":"0","INFO":"#REF!","NOTICE":""},{"Unit Name":"Biollante Flower Beast","ALIASES":"","EMOJI":"<:Biollante_Flower_Beast:982860056917856298>","COST":"3","RARITY":"4","IS A UNIT":"TRUE","IS AN EFFECT":"FALSE","HP":"598","ATK":"118","ATK SPD":"2","HITS PER ATTACK":"1","RUSH MULTIPLIER":"0","AOE":"TRUE","ATK SPD AIR":"0","EFFECT RANGE":"0","REACH":"Long","SEARCH":"Wide","EVOLVE TIME":"25","EVOLUTION":"Biollante Plant Beast","ISFINALEVOLUTION":"FALSE","LEADER":"FALSE","LEADER HP":"0","LEADER ATK":"0","LEADER ATK SPD":"0","LEADER REACH":"0","LEADER RANGE":"0","BUILDING":"FALSE","BUILDING DURATION":"0","BUILDING UNIT HP":"0","BUILDING UNIT ATK":"0","ENERGY GENERATION":"0","BURN TIMER":"0","RECOVERY AMOUNT":"0","SELF RECOVERY":"0","ACID DMG":"0","SLOW TIME":"0","STUN TIME":"0","BURN DMG":"0","TELEPORT TIME":"0","SPD DECREASE":"0","DIGGING DMG":"0","INFO":"#REF!","NOTICE":""},{"Unit Name":"Biollante Plant Beast","ALIASES":"","EMOJI":"<:Biollante_Plant_Beast:982860058264231966>","COST":"3","RARITY":"4","IS A UNIT":"TRUE","IS AN EFFECT":"FALSE","HP":"754","ATK":"104","ATK SPD":"1.4","HITS PER ATTACK":"1","RUSH MULTIPLIER":"0","AOE":"TRUE","ATK SPD AIR":"0","EFFECT RANGE":"0","REACH":"Long","SEARCH":"Wide","EVOLVE TIME":"0","EVOLUTION":"Biollante Flower Beast","ISFINALEVOLUTION":"TRUE","LEADER":"TRUE","LEADER HP":"5218","LEADER ATK":"257","LEADER ATK SPD":"2.8","LEADER REACH":"Long","LEADER RANGE":"Wide","BUILDING":"FALSE","BUILDING DURATION":"0","BUILDING UNIT HP":"0","BUILDING UNIT ATK":"0","ENERGY GENERATION":"0","BURN TIMER":"0","RECOVERY AMOUNT":"0","SELF RECOVERY":"0","ACID DMG":"0","SLOW TIME":"0","STUN TIME":"0","BURN DMG":"0","TELEPORT TIME":"0","SPD DECREASE":"0","DIGGING DMG":"0","INFO":"#REF!","NOTICE":""},{"Unit Name":"Burning Godzilla","ALIASES":"","EMOJI":"<:Burning_Godzilla:982860059354734602>","COST":"5","RARITY":"4","IS A UNIT":"TRUE","IS AN EFFECT":"FALSE","HP":"887","ATK":"196","ATK SPD":"3.3","HITS PER ATTACK":"1","RUSH MULTIPLIER":"0","AOE":"FALSE","ATK SPD AIR":"0","EFFECT RANGE":"0","REACH":"Long","SEARCH":"Wide","EVOLVE TIME":"0","EVOLUTION":"","ISFINALEVOLUTION":"","LEADER":"FALSE","LEADER HP":"0","LEADER ATK":"0","LEADER ATK SPD":"0","LEADER REACH":"0","LEADER RANGE":"0","BUILDING":"FALSE","BUILDING DURATION":"0","BUILDING UNIT HP":"0","BUILDING UNIT ATK":"0","ENERGY GENERATION":"0","BURN TIMER":"0","RECOVERY AMOUNT":"0","SELF RECOVERY":"0","ACID DMG":"0","SLOW TIME":"0","STUN TIME":"0","BURN DMG":"0","TELEPORT TIME":"0","SPD DECREASE":"0","DIGGING DMG":"0","INFO":"Damages nearby foes upon death based on number of bars filled","NOTICE":""},{"Unit Name":"Desghidorah","ALIASES":"","EMOJI":"<:Desghidorah:982860061338656768>","COST":"7","RARITY":"4","IS A UNIT":"TRUE","IS AN EFFECT":"FALSE","HP":"795","ATK":"173","ATK SPD":"2.8","HITS PER ATTACK":"1","RUSH MULTIPLIER":"0","AOE":"TRUE","ATK SPD AIR":"0","EFFECT RANGE":"0","REACH":"Long","SEARCH":"Wide","EVOLVE TIME":"0","EVOLUTION":"","ISFINALEVOLUTION":"","LEADER":"FALSE","LEADER HP":"0","LEADER ATK":"0","LEADER ATK SPD":"0","LEADER REACH":"0","LEADER RANGE":"0","BUILDING":"FALSE","BUILDING DURATION":"0","BUILDING UNIT HP":"0","BUILDING UNIT ATK":"0","ENERGY GENERATION":"0","BURN TIMER":"8","RECOVERY AMOUNT":"0","SELF RECOVERY":"0","ACID DMG":"0","SLOW TIME":"0","STUN TIME":"0.3","BURN DMG":"50","TELEPORT TIME":"0","SPD DECREASE":"0","DIGGING DMG":"0","INFO":"Releases burning shockwave when summoned\r\n","NOTICE":""},{"Unit Name":"Destoroyah Aggregate Form","ALIASES":"","EMOJI":"<:Destoroyah_Aggregate_Form:1002578436872744980>","COST":"3","RARITY":"4","IS A UNIT":"TRUE","IS AN EFFECT":"FALSE","HP":"480","ATK":"66","ATK SPD":"2.5","HITS PER ATTACK":"1","RUSH MULTIPLIER":"0","AOE":"FALSE","ATK SPD AIR":"0","EFFECT RANGE":"0","REACH":"Medium","SEARCH":"Wide","EVOLVE TIME":"25","EVOLUTION":"Destoroyah Flying Form, Destoroyah Perfect Form","ISFINALEVOLUTION":"FALSE","LEADER":"FALSE","LEADER HP":"0","LEADER ATK":"0","LEADER ATK SPD":"0","LEADER REACH":"0","LEADER RANGE":"0","BUILDING":"FALSE","BUILDING DURATION":"0","BUILDING UNIT HP":"0","BUILDING UNIT ATK":"0","ENERGY GENERATION":"0","BURN TIMER":"0","RECOVERY AMOUNT":"0","SELF RECOVERY":"0","ACID DMG":"0","SLOW TIME":"0","STUN TIME":"0","BURN DMG":"0","TELEPORT TIME":"0","SPD DECREASE":"0","DIGGING DMG":"0","INFO":"","NOTICE":""},{"Unit Name":"Destoroyah Flying Form","ALIASES":"","EMOJI":"<:Destoroyah_Flying_Form:1002578434557497527>","COST":"5","RARITY":"4","IS A UNIT":"TRUE","IS AN EFFECT":"FALSE","HP":"670","ATK":"118","ATK SPD":"2.5","HITS PER ATTACK":"1","RUSH MULTIPLIER":"0","AOE":"FALSE","ATK SPD AIR":"0","EFFECT RANGE":"0","REACH":"Long","SEARCH":"Wide","EVOLVE TIME":"25","EVOLUTION":"Destoroyah Aggregate Form, Destoroyah Perfect Form","ISFINALEVOLUTION":"FALSE","LEADER":"FALSE","LEADER HP":"0","LEADER ATK":"0","LEADER ATK SPD":"0","LEADER REACH":"0","LEADER RANGE":"0","BUILDING":"FALSE","BUILDING DURATION":"0","BUILDING UNIT HP":"0","BUILDING UNIT ATK":"0","ENERGY GENERATION":"0","BURN TIMER":"0","RECOVERY AMOUNT":"0","SELF RECOVERY":"0","ACID DMG":"0","SLOW TIME":"0","STUN TIME":"0","BURN DMG":"0","TELEPORT TIME":"0","SPD DECREASE":"0","DIGGING DMG":"0","INFO":"","NOTICE":""},{"Unit Name":"Destoroyah Larva","ALIASES":"","EMOJI":"<:Destoroyah_Larva:982860063309971456>","COST":"5","RARITY":"2","IS A UNIT":"TRUE","IS AN EFFECT":"FALSE","HP":"35","ATK":"10","ATK SPD":"1.3","HITS PER ATTACK":"1","RUSH MULTIPLIER":"0","AOE":"FALSE","ATK SPD AIR":"0","EFFECT RANGE":"0","REACH":"Medium","SEARCH":"Wide","EVOLVE TIME":"0","EVOLUTION":"","ISFINALEVOLUTION":"","LEADER":"FALSE","LEADER HP":"0","LEADER ATK":"0","LEADER ATK SPD":"0","LEADER REACH":"0","LEADER RANGE":"0","BUILDING":"FALSE","BUILDING DURATION":"0","BUILDING UNIT HP":"0","BUILDING UNIT ATK":"0","ENERGY GENERATION":"0","BURN TIMER":"0","RECOVERY AMOUNT":"0","SELF RECOVERY":"0","ACID DMG":"0","SLOW TIME":"0","STUN TIME":"0","BURN DMG":"0","TELEPORT TIME":"0","SPD DECREASE":"0","DIGGING DMG":"0","INFO":"","NOTICE":""},{"Unit Name":"Destoroyah Perfect Form","ALIASES":"","EMOJI":"<:Destoroyah_Perfect_Form:1002578438110068856>","COST":"7","RARITY":"4","IS A UNIT":"TRUE","IS AN EFFECT":"FALSE","HP":"887","ATK":"185","ATK SPD":"2.5","HITS PER ATTACK":"1","RUSH MULTIPLIER":"0","AOE":"FALSE","ATK SPD AIR":"0","EFFECT RANGE":"0","REACH":"Long","SEARCH":"Wide","EVOLVE TIME":"0","EVOLUTION":"Destoroyah Aggregate Form, Destoroyah Flying Form","ISFINALEVOLUTION":"TRUE","LEADER":"TRUE","LEADER HP":"5218","LEADER ATK":"284","LEADER ATK SPD":"2.6","LEADER REACH":"Long","LEADER RANGE":"Wide","BUILDING":"FALSE","BUILDING DURATION":"0","BUILDING UNIT HP":"0","BUILDING UNIT ATK":"0","ENERGY GENERATION":"0","BURN TIMER":"0","RECOVERY AMOUNT":"0","SELF RECOVERY":"0","ACID DMG":"0","SLOW TIME":"0","STUN TIME":"0","BURN DMG":"0","TELEPORT TIME":"0","SPD DECREASE":"0","DIGGING DMG":"0","INFO":"","NOTICE":""},{"Unit Name":"Dimension Tide","ALIASES":"","EMOJI":"<:Dimension_Tide:982860064786350120>","COST":"4","RARITY":"2","IS A UNIT":"FALSE","IS AN EFFECT":"TRUE","HP":"0","ATK":"45","ATK SPD":"0","HITS PER ATTACK":"1","RUSH MULTIPLIER":"0","AOE":"FALSE","ATK SPD AIR":"0","EFFECT RANGE":"Wide","REACH":"0","SEARCH":"Wide","EVOLVE TIME":"0","EVOLUTION":"","ISFINALEVOLUTION":"","LEADER":"FALSE","LEADER HP":"0","LEADER ATK":"0","LEADER ATK SPD":"0","LEADER REACH":"0","LEADER RANGE":"0","BUILDING":"FALSE","BUILDING DURATION":"0","BUILDING UNIT HP":"0","BUILDING UNIT ATK":"0","ENERGY GENERATION":"0","BURN TIMER":"0","RECOVERY AMOUNT":"0","SELF RECOVERY":"0","ACID DMG":"0","SLOW TIME":"0","STUN TIME":"0","BURN DMG":"0","TELEPORT TIME":"0","SPD DECREASE":"0","DIGGING DMG":"0","INFO":"","NOTICE":""},{"Unit Name":"Dorats","ALIASES":"Ugly Fuckers","EMOJI":"<:Dorats:982860065839124500>","COST":"3","RARITY":"2","IS A UNIT":"TRUE","IS AN EFFECT":"FALSE","HP":"30","ATK":"16","ATK SPD":"1.7","HITS PER ATTACK":"1","RUSH MULTIPLIER":"0","AOE":"FALSE","ATK SPD AIR":"0","EFFECT RANGE":"0","REACH":"Short","SEARCH":"Medium","EVOLVE TIME":"0","EVOLUTION":"","ISFINALEVOLUTION":"","LEADER":"FALSE","LEADER HP":"0","LEADER ATK":"0","LEADER ATK SPD":"0","LEADER REACH":"0","LEADER RANGE":"0","BUILDING":"FALSE","BUILDING DURATION":"0","BUILDING UNIT HP":"0","BUILDING UNIT ATK":"0","ENERGY GENERATION":"0","BURN TIMER":"0","RECOVERY AMOUNT":"0","SELF RECOVERY":"0","ACID DMG":"0","SLOW TIME":"0","STUN TIME":"0","BURN DMG":"0","TELEPORT TIME":"0","SPD DECREASE":"0","DIGGING DMG":"0","INFO":"","NOTICE":""},{"Unit Name":"Energy Refueling Base","ALIASES":"","EMOJI":"<:Energy_Refueling_Base:982860067902718002>","COST":"5","RARITY":"2","IS A UNIT":"TRUE","IS AN EFFECT":"FALSE","HP":"107","ATK":"0","ATK SPD":"0","HITS PER ATTACK":"1","RUSH MULTIPLIER":"0","AOE":"FALSE","ATK SPD AIR":"0","EFFECT RANGE":"0","REACH":"0","SEARCH":"0","EVOLVE TIME":"0","EVOLUTION":"","ISFINALEVOLUTION":"","LEADER":"FALSE","LEADER HP":"0","LEADER ATK":"0","LEADER ATK SPD":"0","LEADER REACH":"0","LEADER RANGE":"0","BUILDING":"TRUE","BUILDING DURATION":"65","BUILDING UNIT HP":"0","BUILDING UNIT ATK":"0","ENERGY GENERATION":"8","BURN TIMER":"0","RECOVERY AMOUNT":"0","SELF RECOVERY":"0","ACID DMG":"0","SLOW TIME":"0","STUN TIME":"0","BURN DMG":"0","TELEPORT TIME":"0","SPD DECREASE":"0","DIGGING DMG":"0","INFO":"","NOTICE":""},{"Unit Name":"Fire Rodan","ALIASES":"","EMOJI":"<:Fire_Rodan_2:982860070507409458>","COST":"5","RARITY":"4","IS A UNIT":"TRUE","IS AN EFFECT":"FALSE","HP":"700","ATK":"158","ATK SPD":"2.5","HITS PER ATTACK":"1","RUSH MULTIPLIER":"0","AOE":"FALSE","ATK SPD AIR":"0","EFFECT RANGE":"0","REACH":"Long","SEARCH":"Wide","EVOLVE TIME":"0","EVOLUTION":"Rodan 93","ISFINALEVOLUTION":"TRUE","LEADER":"TRUE","LEADER HP":"5218","LEADER ATK":"275","LEADER ATK SPD":"2.5","LEADER REACH":"0","LEADER RANGE":"0","BUILDING":"FALSE","BUILDING DURATION":"0","BUILDING UNIT HP":"0","BUILDING UNIT ATK":"0","ENERGY GENERATION":"0","BURN TIMER":"0","RECOVERY AMOUNT":"0","SELF RECOVERY":"0","ACID DMG":"0","SLOW TIME":"0","STUN TIME":"0","BURN DMG":"0","TELEPORT TIME":"0","SPD DECREASE":"0","DIGGING DMG":"0","INFO":"Raises speed of your nearby units when summoned\\nHeals your nearby units upon death","NOTICE":""},{"Unit Name":"Freezing Sonde","ALIASES":"","EMOJI":"<:Freezing_Sonde:982860071824408626>","COST":"2","RARITY":"1","IS A UNIT":"FALSE","IS AN EFFECT":"TRUE","HP":"0","ATK":"10","ATK SPD":"0","HITS PER ATTACK":"1","RUSH MULTIPLIER":"0","AOE":"FALSE","ATK SPD AIR":"0","EFFECT RANGE":"Medium","REACH":"0","SEARCH":"0","EVOLVE TIME":"0","EVOLUTION":"","ISFINALEVOLUTION":"","LEADER":"FALSE","LEADER HP":"0","LEADER ATK":"0","LEADER ATK SPD":"0","LEADER REACH":"0","LEADER RANGE":"0","BUILDING":"FALSE","BUILDING DURATION":"0","BUILDING UNIT HP":"0","BUILDING UNIT ATK":"0","ENERGY GENERATION":"0","BURN TIMER":"0","RECOVERY AMOUNT":"0","SELF RECOVERY":"0","ACID DMG":"0","SLOW TIME":"10","STUN TIME":"0","BURN DMG":"0","TELEPORT TIME":"0","SPD DECREASE":"0","DIGGING DMG":"0","INFO":"","NOTICE":""},{"Unit Name":"Giant Octopus","ALIASES":"Hentai","EMOJI":"<:Giant_Octopus:1006198390293528667>","COST":"2","RARITY":"1","IS A UNIT":"TRUE","IS AN EFFECT":"FALSE","HP":"130","ATK":"14","ATK SPD":"2.8","HITS PER ATTACK":"1","RUSH MULTIPLIER":"0","AOE":"FALSE","ATK SPD AIR":"0","EFFECT RANGE":"0","REACH":"Medium","SEARCH":"Medium","EVOLVE TIME":"0","EVOLUTION":"","ISFINALEVOLUTION":"","LEADER":"FALSE","LEADER HP":"0","LEADER ATK":"0","LEADER ATK SPD":"0","LEADER REACH":"0","LEADER RANGE":"0","BUILDING":"FALSE","BUILDING DURATION":"0","BUILDING UNIT HP":"0","BUILDING UNIT ATK":"0","ENERGY GENERATION":"0","BURN TIMER":"0","RECOVERY AMOUNT":"0","SELF RECOVERY":"0","ACID DMG":"0","SLOW TIME":"0","STUN TIME":"0","BURN DMG":"0","TELEPORT TIME":"0","SPD DECREASE":"0","DIGGING DMG":"0","INFO":"","NOTICE":""},{"Unit Name":"Gigan 04","ALIASES":"Gigan Final Wars, Gigan 2004","EMOJI":"<:Gigan_04:982860075662213130>","COST":"4","RARITY":"4","IS A UNIT":"TRUE","IS AN EFFECT":"FALSE","HP":"572","ATK":"90","ATK SPD":"1.6","HITS PER ATTACK":"2","RUSH MULTIPLIER":"0","AOE":"FALSE","ATK SPD AIR":"0","EFFECT RANGE":"0","REACH":"Short","SEARCH":"Wide","EVOLVE TIME":"0","EVOLUTION":"","ISFINALEVOLUTION":"","LEADER":"FALSE","LEADER HP":"0","LEADER ATK":"0","LEADER ATK SPD":"0","LEADER REACH":"0","LEADER RANGE":"0","BUILDING":"FALSE","BUILDING DURATION":"0","BUILDING UNIT HP":"0","BUILDING UNIT ATK":"0","ENERGY GENERATION":"0","BURN TIMER":"0","RECOVERY AMOUNT":"0","SELF RECOVERY":"0","ACID DMG":"0","SLOW TIME":"0","STUN TIME":"1","BURN DMG":"0","TELEPORT TIME":"0","SPD DECREASE":"0","DIGGING DMG":"0","INFO":"Once an enemy enters search range, will chain them causing a brief stun before quickly rushing in to attack\r\n","NOTICE":""},{"Unit Name":"Gigan 72","ALIASES":"","EMOJI":"<:Gigan_72:982860076765294672>","COST":"5","RARITY":"3","IS A UNIT":"TRUE","IS AN EFFECT":"FALSE","HP":"279","ATK":"70","ATK SPD":"1.5","HITS PER ATTACK":"1","RUSH MULTIPLIER":"0","AOE":"FALSE","ATK SPD AIR":"0","EFFECT RANGE":"0","REACH":"Short","SEARCH":"Medium","EVOLVE TIME":"0","EVOLUTION":"","ISFINALEVOLUTION":"","LEADER":"TRUE","LEADER HP":"1181","LEADER ATK":"53","LEADER ATK SPD":"2","LEADER REACH":"Long","LEADER RANGE":"Wide","BUILDING":"FALSE","BUILDING DURATION":"0","BUILDING UNIT HP":"0","BUILDING UNIT ATK":"0","ENERGY GENERATION":"0","BURN TIMER":"0","RECOVERY AMOUNT":"0","SELF RECOVERY":"0","ACID DMG":"0","SLOW TIME":"0","STUN TIME":"0","BURN DMG":"0","TELEPORT TIME":"0","SPD DECREASE":"0","DIGGING DMG":"0","INFO":"","NOTICE":""},{"Unit Name":"Godzilla 21","ALIASES":"","EMOJI":"<:Godzilla_21:982860078048768000>","COST":"6","RARITY":"4","IS A UNIT":"TRUE","IS AN EFFECT":"FALSE","HP":"685","ATK":"205","ATK SPD":"3.1","HITS PER ATTACK":"1","RUSH MULTIPLIER":"0","AOE":"FALSE","ATK SPD AIR":"0","EFFECT RANGE":"0","REACH":"Long","SEARCH":"Wide","EVOLVE TIME":"0","EVOLUTION":"","ISFINALEVOLUTION":"","LEADER":"FALSE","LEADER HP":"0","LEADER ATK":"0","LEADER ATK SPD":"0","LEADER REACH":"0","LEADER RANGE":"0","BUILDING":"FALSE","BUILDING DURATION":"0","BUILDING UNIT HP":"0","BUILDING UNIT ATK":"0","ENERGY GENERATION":"0","BURN TIMER":"0","RECOVERY AMOUNT":"0","SELF RECOVERY":"0","ACID DMG":"0","SLOW TIME":"0","STUN TIME":"0","BURN DMG":"0","TELEPORT TIME":"0","SPD DECREASE":"0","DIGGING DMG":"0","INFO":"","NOTICE":""},{"Unit Name":"Godzilla 54","ALIASES":"","EMOJI":"<:Godzilla_54:982860079101509643>","COST":"6","RARITY":"4","IS A UNIT":"TRUE","IS AN EFFECT":"FALSE","HP":"949","ATK":"227","ATK SPD":"2.8","HITS PER ATTACK":"1","RUSH MULTIPLIER":"0","AOE":"FALSE","ATK SPD AIR":"0","EFFECT RANGE":"0","REACH":"Long","SEARCH":"Wide","EVOLVE TIME":"0","EVOLUTION":"","ISFINALEVOLUTION":"","LEADER":"FALSE","LEADER HP":"0","LEADER ATK":"0","LEADER ATK SPD":"0","LEADER REACH":"0","LEADER RANGE":"0","BUILDING":"FALSE","BUILDING DURATION":"0","BUILDING UNIT HP":"0","BUILDING UNIT ATK":"0","ENERGY GENERATION":"0","BURN TIMER":"0","RECOVERY AMOUNT":"0","SELF RECOVERY":"0","ACID DMG":"0","SLOW TIME":"0","STUN TIME":"0","BURN DMG":"0","TELEPORT TIME":"0","SPD DECREASE":"0","DIGGING DMG":"0","INFO":"Upon being defeated adds at random Godzilla 1989, Burning Godzilla, Kiryu or Godzilla Terrestris/Ultima to your next draw with a -2 energy discount to them (units are the same level as the ones in your collection, unless unowned in which case they are level 1)","NOTICE":""},{"Unit Name":"Godzilla 89","ALIASES":"","EMOJI":"<:Godzilla_89:982860080565350450>","COST":"7","RARITY":"3","IS A UNIT":"TRUE","IS AN EFFECT":"FALSE","HP":"616","ATK":"192","ATK SPD":"2.6","HITS PER ATTACK":"1","RUSH MULTIPLIER":"0","AOE":"FALSE","ATK SPD AIR":"0","EFFECT RANGE":"0","REACH":"Medium","SEARCH":"Medium","EVOLVE TIME":"0","EVOLUTION":"","ISFINALEVOLUTION":"","LEADER":"TRUE","LEADER HP":"1181","LEADER ATK":"60","LEADER ATK SPD":"2.5","LEADER REACH":"Long","LEADER RANGE":"Wide","BUILDING":"FALSE","BUILDING DURATION":"0","BUILDING UNIT HP":"0","BUILDING UNIT ATK":"0","ENERGY GENERATION":"0","BURN TIMER":"0","RECOVERY AMOUNT":"0","SELF RECOVERY":"0","ACID DMG":"0","SLOW TIME":"0","STUN TIME":"0","BURN DMG":"0","TELEPORT TIME":"0","SPD DECREASE":"0","DIGGING DMG":"0","INFO":"","NOTICE":""},{"Unit Name":"Godzilla Earth","ALIASES":"","EMOJI":"<:Godzilla_Earth:982860082142392341>","COST":"9","RARITY":"4","IS A UNIT":"TRUE","IS AN EFFECT":"FALSE","HP":"1418","ATK":"279","ATK SPD":"5","HITS PER ATTACK":"1","RUSH MULTIPLIER":"0","AOE":"FALSE","ATK SPD AIR":"0","EFFECT RANGE":"0","REACH":"Long","SEARCH":"Wide","EVOLVE TIME":"0","EVOLUTION":"","ISFINALEVOLUTION":"","LEADER":"FALSE","LEADER HP":"0","LEADER ATK":"0","LEADER ATK SPD":"0","LEADER REACH":"0","LEADER RANGE":"0","BUILDING":"FALSE","BUILDING DURATION":"0","BUILDING UNIT HP":"0","BUILDING UNIT ATK":"0","ENERGY GENERATION":"0","BURN TIMER":"0","RECOVERY AMOUNT":"0","SELF RECOVERY":"0","ACID DMG":"0","SLOW TIME":"0","STUN TIME":"0","BURN DMG":"0","TELEPORT TIME":"0","SPD DECREASE":"0","DIGGING DMG":"0","INFO":"","NOTICE":""},{"Unit Name":"Godzilla Terrestris","ALIASES":"Kill it with fire","EMOJI":"<:Godzilla_Terrestris:982860083522326528>","COST":"6","RARITY":"4","IS A UNIT":"TRUE","IS AN EFFECT":"FALSE","HP":"636","ATK":"173","ATK SPD":"2.8","HITS PER ATTACK":"1","RUSH MULTIPLIER":"0","AOE":"FALSE","ATK SPD AIR":"0","EFFECT RANGE":"0","REACH":"Long","SEARCH":"Wide","EVOLVE TIME":"30","EVOLUTION":"Godzilla Ultima","ISFINALEVOLUTION":"FALSE","LEADER":"FALSE","LEADER HP":"0","LEADER ATK":"0","LEADER ATK SPD":"0","LEADER REACH":"0","LEADER RANGE":"0","BUILDING":"FALSE","BUILDING DURATION":"0","BUILDING UNIT HP":"0","BUILDING UNIT ATK":"0","ENERGY GENERATION":"0","BURN TIMER":"0","RECOVERY AMOUNT":"0","SELF RECOVERY":"110","ACID DMG":"0","SLOW TIME":"0","STUN TIME":"0","BURN DMG":"0","TELEPORT TIME":"0","SPD DECREASE":"0","DIGGING DMG":"0","INFO":"","NOTICE":""},{"Unit Name":"Godzilla Ultima","ALIASES":"","EMOJI":"<:Godzilla_Ultima:982860084650582046>","COST":"6","RARITY":"4","IS A UNIT":"TRUE","IS AN EFFECT":"FALSE","HP":"949","ATK":"206","ATK SPD":"3.3","HITS PER ATTACK":"1","RUSH MULTIPLIER":"0","AOE":"FALSE","ATK SPD AIR":"0","EFFECT RANGE":"0","REACH":"Long","SEARCH":"Wide","EVOLVE TIME":"0","EVOLUTION":"Godzilla Terrestris","ISFINALEVOLUTION":"TRUE","LEADER":"TRUE","LEADER HP":"5218","LEADER ATK":"234","LEADER ATK SPD":"2.9","LEADER REACH":"Long","LEADER RANGE":"Wide","BUILDING":"FALSE","BUILDING DURATION":"0","BUILDING UNIT HP":"0","BUILDING UNIT ATK":"0","ENERGY GENERATION":"0","BURN TIMER":"0","RECOVERY AMOUNT":"0","SELF RECOVERY":"0","ACID DMG":"0","SLOW TIME":"0","STUN TIME":"0","BURN DMG":"0","TELEPORT TIME":"0","SPD DECREASE":"0","DIGGING DMG":"0","INFO":"","NOTICE":""},{"Unit Name":"Hedorah Flying","ALIASES":"Smog Monster","EMOJI":"<:Hedorah_Flying:982860086579965992>","COST":"3","RARITY":"3","IS A UNIT":"TRUE","IS AN EFFECT":"FALSE","HP":"192","ATK":"6","ATK SPD":"1","HITS PER ATTACK":"1","RUSH MULTIPLIER":"0","AOE":"TRUE","ATK SPD AIR":"0","EFFECT RANGE":"0","REACH":"Short","SEARCH":"Medium","EVOLVE TIME":"20","EVOLUTION":"Hedorah Mature","ISFINALEVOLUTION":"FALSE","LEADER":"FALSE","LEADER HP":"0","LEADER ATK":"0","LEADER ATK SPD":"0","LEADER REACH":"0","LEADER RANGE":"0","BUILDING":"FALSE","BUILDING DURATION":"0","BUILDING UNIT HP":"0","BUILDING UNIT ATK":"0","ENERGY GENERATION":"0","BURN TIMER":"0","RECOVERY AMOUNT":"0","SELF RECOVERY":"0","ACID DMG":"6","SLOW TIME":"0","STUN TIME":"0","BURN DMG":"0","TELEPORT TIME":"0","SPD DECREASE":"0","DIGGING DMG":"0","INFO":"","NOTICE":""},{"Unit Name":"Hedorah Mature","ALIASES":"Cum Monster, Smog Monster","EMOJI":"<:Hedorah_Mature:982860087720804352>","COST":"4","RARITY":"3","IS A UNIT":"TRUE","IS AN EFFECT":"FALSE","HP":"264","ATK":"46","ATK SPD":"2","HITS PER ATTACK":"1","RUSH MULTIPLIER":"0","AOE":"TRUE","ATK SPD AIR":"0","EFFECT RANGE":"0","REACH":"Long","SEARCH":"Wide","EVOLVE TIME":"0","EVOLUTION":"Hedorah Flying","ISFINALEVOLUTION":"TRUE","LEADER":"FALSE","LEADER HP":"0","LEADER ATK":"0","LEADER ATK SPD":"0","LEADER REACH":"0","LEADER RANGE":"0","BUILDING":"FALSE","BUILDING DURATION":"0","BUILDING UNIT HP":"0","BUILDING UNIT ATK":"0","ENERGY GENERATION":"0","BURN TIMER":"0","RECOVERY AMOUNT":"0","SELF RECOVERY":"0","ACID DMG":"10","SLOW TIME":"0","STUN TIME":"0","BURN DMG":"0","TELEPORT TIME":"0","SPD DECREASE":"0","DIGGING DMG":"0","INFO":"Poisons nearby foes upon death","NOTICE":""},{"Unit Name":"Jet Jaguar (Giant)","ALIASES":"","EMOJI":"<:Jet_Jaguar_Giant:982860089927008278>","COST":"4","RARITY":"4","IS A UNIT":"TRUE","IS AN EFFECT":"FALSE","HP":"685","ATK":"132","ATK SPD":"2.3","HITS PER ATTACK":"1","RUSH MULTIPLIER":"0","AOE":"FALSE","ATK SPD AIR":"0","EFFECT RANGE":"0","REACH":"Medium","SEARCH":"Wide","EVOLVE TIME":"0","EVOLUTION":"Jet Jaguar 73","ISFINALEVOLUTION":"TRUE","LEADER":"FALSE","LEADER HP":"0","LEADER ATK":"0","LEADER ATK SPD":"0","LEADER REACH":"0","LEADER RANGE":"0","BUILDING":"FALSE","BUILDING DURATION":"0","BUILDING UNIT HP":"0","BUILDING UNIT ATK":"0","ENERGY GENERATION":"0","BURN TIMER":"0","RECOVERY AMOUNT":"0","SELF RECOVERY":"0","ACID DMG":"0","SLOW TIME":"0","STUN TIME":"0","BURN DMG":"0","TELEPORT TIME":"0","SPD DECREASE":"0","DIGGING DMG":"0","INFO":"Attack knocks back the target","NOTICE":""},{"Unit Name":"Jet Jaguar 73","ALIASES":"","EMOJI":"<:Jet_Jaguar_73:982860088714883162>","COST":"4","RARITY":"4","IS A UNIT":"TRUE","IS AN EFFECT":"FALSE ","HP":"289","ATK":"0","ATK SPD":"0","HITS PER ATTACK":"0","RUSH MULTIPLIER":"0","AOE":"FALSE","ATK SPD AIR":"0","EFFECT RANGE":"0","REACH":"0","SEARCH":"0","EVOLVE TIME":"25","EVOLUTION":"Jet Jaguar (Giant)","ISFINALEVOLUTION":"FALSE","LEADER":"FALSE","LEADER HP":"0","LEADER ATK":"0","LEADER ATK SPD":"0","LEADER REACH":"0","LEADER RANGE":"0","BUILDING":"FALSE","BUILDING DURATION":"0","BUILDING UNIT HP":"0","BUILDING UNIT ATK":"0","ENERGY GENERATION":"0","BURN TIMER":"0","RECOVERY AMOUNT":"0","SELF RECOVERY":"0","ACID DMG":"0","SLOW TIME":"0","STUN TIME":"0","BURN DMG":"0","TELEPORT TIME":"0","SPD DECREASE":"0","DIGGING DMG":"0","INFO":"#REF!","NOTICE":""},{"Unit Name":"Jet Jaguar SP","ALIASES":"","EMOJI":"<:Jet_Jaguar_SP:982860091206295564>","COST":"4","RARITY":"4","IS A UNIT":"TRUE","IS AN EFFECT":"FALSE","HP":"636","ATK":"109","ATK SPD":"1.6","HITS PER ATTACK":"1","RUSH MULTIPLIER":"0","AOE":"TRUE","ATK SPD AIR":"0","EFFECT RANGE":"0","REACH":"Long","SEARCH":"Wide","EVOLVE TIME":"0","EVOLUTION":"","ISFINALEVOLUTION":"","LEADER":"TRUE","LEADER HP":"5218","LEADER ATK":"234","LEADER ATK SPD":"1.7","LEADER REACH":"Long","LEADER RANGE":"Wide","BUILDING":"FALSE","BUILDING DURATION":"0","BUILDING UNIT HP":"0","BUILDING UNIT ATK":"0","ENERGY GENERATION":"0","BURN TIMER":"0","RECOVERY AMOUNT":"0","SELF RECOVERY":"0","ACID DMG":"0","SLOW TIME":"0","STUN TIME":"0","BURN DMG":"0","TELEPORT TIME":"0","SPD DECREASE":"0","DIGGING DMG":"0","INFO":"","NOTICE":""},{"Unit Name":"Kamacurus","ALIASES":"","EMOJI":"<:Kamacurus:982860093924179978>","COST":"2","RARITY":"1","IS A UNIT":"TRUE","IS AN EFFECT":"FALSE","HP":"40","ATK":"14","ATK SPD":"1.3","HITS PER ATTACK":"1","RUSH MULTIPLIER":"0","AOE":"FALSE","ATK SPD AIR":"0","EFFECT RANGE":"0","REACH":"Short","SEARCH":"Medium","EVOLVE TIME":"0","EVOLUTION":"","ISFINALEVOLUTION":"","LEADER":"FALSE","LEADER HP":"0","LEADER ATK":"0","LEADER ATK SPD":"0","LEADER REACH":"0","LEADER RANGE":"0","BUILDING":"FALSE","BUILDING DURATION":"0","BUILDING UNIT HP":"0","BUILDING UNIT ATK":"0","ENERGY GENERATION":"0","BURN TIMER":"0","RECOVERY AMOUNT":"0","SELF RECOVERY":"0","ACID DMG":"0","SLOW TIME":"0","STUN TIME":"0","BURN DMG":"0","TELEPORT TIME":"0","SPD DECREASE":"0","DIGGING DMG":"0","INFO":"","NOTICE":""},{"Unit Name":"Kamacurus Swarm","ALIASES":"","EMOJI":"<:kamacurus_Swarm:982860095010525205>","COST":"5","RARITY":"2","IS A UNIT":"TRUE","IS AN EFFECT":"FALSE","HP":"40","ATK":"14","ATK SPD":"1.3","HITS PER ATTACK":"1","RUSH MULTIPLIER":"0","AOE":"FALSE","ATK SPD AIR":"0","EFFECT RANGE":"0","REACH":"Short","SEARCH":"Medium","EVOLVE TIME":"0","EVOLUTION":"","ISFINALEVOLUTION":"","LEADER":"FALSE","LEADER HP":"0","LEADER ATK":"0","LEADER ATK SPD":"0","LEADER REACH":"0","LEADER RANGE":"0","BUILDING":"FALSE","BUILDING DURATION":"0","BUILDING UNIT HP":"0","BUILDING UNIT ATK":"0","ENERGY GENERATION":"0","BURN TIMER":"0","RECOVERY AMOUNT":"0","SELF RECOVERY":"0","ACID DMG":"0","SLOW TIME":"0","STUN TIME":"0","BURN DMG":"0","TELEPORT TIME":"0","SPD DECREASE":"0","DIGGING DMG":"0","INFO":"","NOTICE":""},{"Unit Name":"Kids","ALIASES":"","EMOJI":"<:KIDS:982860096537260063>","COST":"5","RARITY":"3","IS A UNIT":"FALSE","IS AN EFFECT":"TRUE","HP":"0","ATK":"0","ATK SPD":"0","HITS PER ATTACK":"1","RUSH MULTIPLIER":"0","AOE":"FALSE","ATK SPD AIR":"0","EFFECT RANGE":"Medium","REACH":"0","SEARCH":"0","EVOLVE TIME":"0","EVOLUTION":"","ISFINALEVOLUTION":"","LEADER":"FALSE","LEADER HP":"0","LEADER ATK":"0","LEADER ATK SPD":"0","LEADER REACH":"0","LEADER RANGE":"0","BUILDING":"FALSE","BUILDING DURATION":"0","BUILDING UNIT HP":"0","BUILDING UNIT ATK":"0","ENERGY GENERATION":"0","BURN TIMER":"0","RECOVERY AMOUNT":"0","SELF RECOVERY":"0","ACID DMG":"0","SLOW TIME":"0","STUN TIME":"0","BURN DMG":"0","TELEPORT TIME":"8","SPD DECREASE":"0","DIGGING DMG":"0","INFO":"","NOTICE":""},{"Unit Name":"King Caesar","ALIASES":"","EMOJI":"<:King_Caesar:982860097535508480>","COST":"4","RARITY":"2","IS A UNIT":"TRUE","IS AN EFFECT":"FALSE","HP":"150","ATK":"45","ATK SPD":"1.2","HITS PER ATTACK":"1","RUSH MULTIPLIER":"3","AOE":"FALSE","ATK SPD AIR":"0","EFFECT RANGE":"0","REACH":"Short","SEARCH":"Medium","EVOLVE TIME":"0","EVOLUTION":"","ISFINALEVOLUTION":"","LEADER":"FALSE","LEADER HP":"0","LEADER ATK":"0","LEADER ATK SPD":"0","LEADER REACH":"0","LEADER RANGE":"0","BUILDING":"FALSE","BUILDING DURATION":"0","BUILDING UNIT HP":"0","BUILDING UNIT ATK":"0","ENERGY GENERATION":"0","BURN TIMER":"0","RECOVERY AMOUNT":"0","SELF RECOVERY":"0","ACID DMG":"0","SLOW TIME":"0","STUN TIME":"0","BURN DMG":"0","TELEPORT TIME":"0","SPD DECREASE":"0","DIGGING DMG":"0","INFO":"","NOTICE":""},{"Unit Name":"King Ghidorah","ALIASES":"","EMOJI":"<:King_Ghidorah:982860098802155520>","COST":"7","RARITY":"4","IS A UNIT":"TRUE","IS AN EFFECT":"FALSE","HP":"795","ATK":"152","ATK SPD":"2.8","HITS PER ATTACK":"1","RUSH MULTIPLIER":"0","AOE":"TRUE","ATK SPD AIR":"0","EFFECT RANGE":"0","REACH":"Long","SEARCH":"Wide","EVOLVE TIME":"Death","EVOLUTION":"Mecha King Ghidorah","ISFINALEVOLUTION":"FALSE","LEADER":"FALSE","LEADER HP":"0","LEADER ATK":"0","LEADER ATK SPD":"0","LEADER REACH":"0","LEADER RANGE":"0","BUILDING":"FALSE","BUILDING DURATION":"0","BUILDING UNIT HP":"0","BUILDING UNIT ATK":"0","ENERGY GENERATION":"0","BURN TIMER":"0","RECOVERY AMOUNT":"0","SELF RECOVERY":"0","ACID DMG":"0","SLOW TIME":"0","STUN TIME":"0","BURN DMG":"0","TELEPORT TIME":"0","SPD DECREASE":"0","DIGGING DMG":"0","INFO":"","NOTICE":""},{"Unit Name":"Kiryu","ALIASES":"Mechagodzilla 3","EMOJI":"<:Kiryu:982860099963985940>","COST":"6","RARITY":"4","IS A UNIT":"TRUE","IS AN EFFECT":"FALSE","HP":"763","ATK":"152","ATK SPD":"2.7","HITS PER ATTACK":"1","RUSH MULTIPLIER":"0","AOE":"TRUE","ATK SPD AIR":"0","EFFECT RANGE":"0","REACH":"Long","SEARCH":"Wide","EVOLVE TIME":"0","EVOLUTION":"","ISFINALEVOLUTION":"","LEADER":"TRUE","LEADER HP":"5218","LEADER ATK":"262","LEADER ATK SPD":"2.7","LEADER REACH":"Long","LEADER RANGE":"Wide","BUILDING":"FALSE","BUILDING DURATION":"0","BUILDING UNIT HP":"0","BUILDING UNIT ATK":"0","ENERGY GENERATION":"0","BURN TIMER":"0","RECOVERY AMOUNT":"0","SELF RECOVERY":"0","ACID DMG":"0","SLOW TIME":"0","STUN TIME":"0","BURN DMG":"0","TELEPORT TIME":"0","SPD DECREASE":"0","DIGGING DMG":"0","INFO":"Summons a missile strike to a specificed location before appearing there","NOTICE":""},{"Unit Name":"Kong","ALIASES":"Monkey","EMOJI":"<:Kong:982860101096456222>","COST":"6","RARITY":"4","IS A UNIT":"TRUE","IS AN EFFECT":"FALSE","HP":"1075","ATK":"227","ATK SPD":"2.5","HITS PER ATTACK":"1","RUSH MULTIPLIER":"0","AOE":"FALSE","ATK SPD AIR":"0","EFFECT RANGE":"0","REACH":"Medium","SEARCH":"Wide","EVOLVE TIME":"0","EVOLUTION":"","ISFINALEVOLUTION":"","LEADER":"TRUE","LEADER HP":"5218","LEADER ATK":"312","LEADER ATK SPD":"2.4","LEADER REACH":"Long","LEADER RANGE":"Wide","BUILDING":"FALSE","BUILDING DURATION":"0","BUILDING UNIT HP":"0","BUILDING UNIT ATK":"0","ENERGY GENERATION":"0","BURN TIMER":"0","RECOVERY AMOUNT":"0","SELF RECOVERY":"0","ACID DMG":"0","SLOW TIME":"0","STUN TIME":"0","BURN DMG":"0","TELEPORT TIME":"0","SPD DECREASE":"0","DIGGING DMG":"0","INFO":"","NOTICE":""},{"Unit Name":"Markalite Cannon","ALIASES":"","EMOJI":"<:Markalite_Cannon:982860103189422082>","COST":"5","RARITY":"1","IS A UNIT":"TRUE","IS AN EFFECT":"FALSE","HP":"75","ATK":"105","ATK SPD":"4","HITS PER ATTACK":"1","RUSH MULTIPLIER":"0","AOE":"FALSE","ATK SPD AIR":"0","EFFECT RANGE":"0","REACH":"Long","SEARCH":"0","EVOLVE TIME":"0","EVOLUTION":"","ISFINALEVOLUTION":"","LEADER":"FALSE","LEADER HP":"0","LEADER ATK":"0","LEADER ATK SPD":"0","LEADER REACH":"0","LEADER RANGE":"0","BUILDING":"FALSE","BUILDING DURATION":"0","BUILDING UNIT HP":"0","BUILDING UNIT ATK":"0","ENERGY GENERATION":"0","BURN TIMER":"0","RECOVERY AMOUNT":"0","SELF RECOVERY":"0","ACID DMG":"0","SLOW TIME":"0","STUN TIME":"0","BURN DMG":"0","TELEPORT TIME":"0","SPD DECREASE":"0","DIGGING DMG":"0","INFO":"","NOTICE":""},{"Unit Name":"Mbaw Base","ALIASES":"","EMOJI":"<:Mbaw_Base:982860106259648582>","COST":"5","RARITY":"2","IS A UNIT":"TRUE","IS AN EFFECT":"FALSE","HP":"100","ATK":"","ATK SPD":"2.8","HITS PER ATTACK":"1","RUSH MULTIPLIER":"0","AOE":"FALSE","ATK SPD AIR":"0","EFFECT RANGE":"0","REACH":"Long","SEARCH":"Wide","EVOLVE TIME":"0","EVOLUTION":"","ISFINALEVOLUTION":"","LEADER":"FALSE","LEADER HP":"0","LEADER ATK":"0","LEADER ATK SPD":"0","LEADER REACH":"0","LEADER RANGE":"0","BUILDING":"TRUE","BUILDING DURATION":"51","BUILDING UNIT HP":"45","BUILDING UNIT ATK":"10","ENERGY GENERATION":"0","BURN TIMER":"0","RECOVERY AMOUNT":"0","SELF RECOVERY":"0","ACID DMG":"0","SLOW TIME":"0","STUN TIME":"0.4","BURN DMG":"0","TELEPORT TIME":"0","SPD DECREASE":"0","DIGGING DMG":"0","INFO":"","NOTICE":""},{"Unit Name":"Mbaw-93","ALIASES":"","EMOJI":"<:Mbaw:982860104837791785>","COST":"3","RARITY":"1","IS A UNIT":"TRUE","IS AN EFFECT":"FALSE","HP":"45","ATK":"10","ATK SPD":"2.8","HITS PER ATTACK":"1","RUSH MULTIPLIER":"0","AOE":"FALSE","ATK SPD AIR":"0","EFFECT RANGE":"0","REACH":"Long","SEARCH":"Wide","EVOLVE TIME":"0","EVOLUTION":"","ISFINALEVOLUTION":"","LEADER":"FALSE","LEADER HP":"0","LEADER ATK":"0","LEADER ATK SPD":"0","LEADER REACH":"0","LEADER RANGE":"0","BUILDING":"FALSE","BUILDING DURATION":"0","BUILDING UNIT HP":"0","BUILDING UNIT ATK":"0","ENERGY GENERATION":"0","BURN TIMER":"0","RECOVERY AMOUNT":"0","SELF RECOVERY":"0","ACID DMG":"0","SLOW TIME":"0","STUN TIME":"0.4","BURN DMG":"0","TELEPORT TIME":"0","SPD DECREASE":"0","DIGGING DMG":"0","INFO":"","NOTICE":""},{"Unit Name":"Mecha King Ghidorah","ALIASES":"","EMOJI":"<:Mecha_King_Ghidorah:982860107387908146>","COST":"7","RARITY":"4","IS A UNIT":"TRUE","IS AN EFFECT":"FALSE","HP":"795","ATK":"168","ATK SPD":"2.8","HITS PER ATTACK":"1","RUSH MULTIPLIER":"0","AOE":"FALSE","ATK SPD AIR":"0","EFFECT RANGE":"0","REACH":"Long","SEARCH":"Wide","EVOLVE TIME":"0","EVOLUTION":"King Ghidorah","ISFINALEVOLUTION":"TRUE","LEADER":"TRUE","LEADER HP":"5217","LEADER ATK":"262","LEADER ATK SPD":"2.7","LEADER REACH":"0","LEADER RANGE":"0","BUILDING":"FALSE","BUILDING DURATION":"0","BUILDING UNIT HP":"0","BUILDING UNIT ATK":"0","ENERGY GENERATION":"0","BURN TIMER":"0","RECOVERY AMOUNT":"0","SELF RECOVERY":"0","ACID DMG":"0","SLOW TIME":"0","STUN TIME":"0","BURN DMG":"0","TELEPORT TIME":"0","SPD DECREASE":"0","DIGGING DMG":"0","INFO":"","NOTICE":""},{"Unit Name":"Mechagodzilla 93","ALIASES":"","EMOJI":"<:Mechagodzilla_93:982860108377767956>","COST":"4","RARITY":"3","IS A UNIT":"TRUE","IS AN EFFECT":"FALSE","HP":"279","ATK":"60","ATK SPD":"2.5","HITS PER ATTACK":"1","RUSH MULTIPLIER":"0","AOE":"FALSE","ATK SPD AIR":"0","EFFECT RANGE":"0","REACH":"Medium","SEARCH":"Wide","EVOLVE TIME":"0","EVOLUTION":"","ISFINALEVOLUTION":"","LEADER":"TRUE","LEADER HP":"1181","LEADER ATK":"53","LEADER ATK SPD":"2.3","LEADER REACH":"Long","LEADER RANGE":"Wide","BUILDING":"FALSE","BUILDING DURATION":"0","BUILDING UNIT HP":"0","BUILDING UNIT ATK":"0","ENERGY GENERATION":"0","BURN TIMER":"0","RECOVERY AMOUNT":"0","SELF RECOVERY":"0","ACID DMG":"0","SLOW TIME":"0","STUN TIME":"0","BURN DMG":"0","TELEPORT TIME":"0","SPD DECREASE":"0","DIGGING DMG":"0","INFO":"","NOTICE":""},{"Unit Name":"Mefilas","ALIASES":"","EMOJI":"<:Mefilas:1014706266234433546>","COST":"6","RARITY":"3","IS A UNIT":"TRUE","IS AN EFFECT":"FALSE","HP":"324","ATK":"70","ATK SPD":"2.2","HITS PER ATTACK":"1","RUSH MULTIPLIER":"0","AOE":"FALSE","ATK SPD AIR":"0","EFFECT RANGE":"0","REACH":"-","SEARCH":"-","EVOLVE TIME":"0","EVOLUTION":"","ISFINALEVOLUTION":"","LEADER":"FALSE","LEADER HP":"0","LEADER ATK":"0","LEADER ATK SPD":"0","LEADER REACH":"0","LEADER RANGE":"0","BUILDING":"FALSE","BUILDING DURATION":"0","BUILDING UNIT HP":"0","BUILDING UNIT ATK":"0","ENERGY GENERATION":"0","BURN TIMER":"0","RECOVERY AMOUNT":"0","SELF RECOVERY":"0","ACID DMG":"0","SLOW TIME":"0","STUN TIME":"0","BURN DMG":"0","TELEPORT TIME":"0","SPD DECREASE":"0","DIGGING DMG":"0","INFO":"","NOTICE":""},{"Unit Name":"Megaguirus","ALIASES":"","EMOJI":"<:Megaguirus:982860688991088660>","COST":"5","RARITY":"3","IS A UNIT":"TRUE","IS AN EFFECT":"FALSE","HP":"294","ATK":"59","ATK SPD":"1.7","HITS PER ATTACK":"1","RUSH MULTIPLIER":"0","AOE":"FALSE","ATK SPD AIR":"0","EFFECT RANGE":"0","REACH":"Short","SEARCH":"Medium","EVOLVE TIME":"0","EVOLUTION":"","ISFINALEVOLUTION":"","LEADER":"FALSE","LEADER HP":"0","LEADER ATK":"0","LEADER ATK SPD":"0","LEADER REACH":"0","LEADER RANGE":"0","BUILDING":"FALSE","BUILDING DURATION":"0","BUILDING UNIT HP":"0","BUILDING UNIT ATK":"0","ENERGY GENERATION":"0","BURN TIMER":"0","RECOVERY AMOUNT":"0","SELF RECOVERY":"0","ACID DMG":"0","SLOW TIME":"8","STUN TIME":"0","BURN DMG":"0","TELEPORT TIME":"0","SPD DECREASE":"20%","DIGGING DMG":"0","INFO":"Lowers speed of nearby foes when summoned","NOTICE":""},{"Unit Name":"Minilla","ALIASES":"Sir Melee","EMOJI":"<:Minilla:982860689737678869>","COST":"2","RARITY":"1","IS A UNIT":"TRUE","IS AN EFFECT":"FALSE","HP":"80","ATK":"12","ATK SPD":"3","HITS PER ATTACK":"1","RUSH MULTIPLIER":"0","AOE":"FALSE","ATK SPD AIR":"0","EFFECT RANGE":"0","REACH":"Long","SEARCH":"Wide","EVOLVE TIME":"0","EVOLUTION":"","ISFINALEVOLUTION":"","LEADER":"FALSE","LEADER HP":"0","LEADER ATK":"0","LEADER ATK SPD":"0","LEADER REACH":"0","LEADER RANGE":"0","BUILDING":"FALSE","BUILDING DURATION":"0","BUILDING UNIT HP":"0","BUILDING UNIT ATK":"0","ENERGY GENERATION":"0","BURN TIMER":"0","RECOVERY AMOUNT":"0","SELF RECOVERY":"0","ACID DMG":"0","SLOW TIME":"0","STUN TIME":"0.6","BURN DMG":"0","TELEPORT TIME":"0","SPD DECREASE":"0","DIGGING DMG":"0","INFO":"","NOTICE":""},{"Unit Name":"Missile Strike","ALIASES":"","EMOJI":"<:Missile_Strike:982860691356651550>","COST":"5","RARITY":"1","IS A UNIT":"FALSE","IS AN EFFECT":"TRUE","HP":"0","ATK":"15","ATK SPD":"0","HITS PER ATTACK":"3","RUSH MULTIPLIER":"0","AOE":"TRUE","ATK SPD AIR":"0","EFFECT RANGE":"Medium","REACH":"0","SEARCH":"Medium","EVOLVE TIME":"0","EVOLUTION":"","ISFINALEVOLUTION":"","LEADER":"FALSE","LEADER HP":"0","LEADER ATK":"0","LEADER ATK SPD":"0","LEADER REACH":"0","LEADER RANGE":"0","BUILDING":"FALSE","BUILDING DURATION":"0","BUILDING UNIT HP":"0","BUILDING UNIT ATK":"0","ENERGY GENERATION":"0","BURN TIMER":"0","RECOVERY AMOUNT":"0","SELF RECOVERY":"0","ACID DMG":"0","SLOW TIME":"0","STUN TIME":"0","BURN DMG":"0","TELEPORT TIME":"0","SPD DECREASE":"0","DIGGING DMG":"0","INFO":"","NOTICE":""},{"Unit Name":"Moguera","ALIASES":"","EMOJI":"<:Moguera:982860692187131944>","COST":"5","RARITY":"2","IS A UNIT":"FALSE","IS AN EFFECT":"TRUE","HP":"160","ATK":"18","ATK SPD":"1.1","HITS PER ATTACK":"1","RUSH MULTIPLIER":"0","AOE":"FALSE","ATK SPD AIR":"0","EFFECT RANGE":"0","REACH":"Medium","SEARCH":"Wide","EVOLVE TIME":"0","EVOLUTION":"","ISFINALEVOLUTION":"","LEADER":"FALSE","LEADER HP":"0","LEADER ATK":"0","LEADER ATK SPD":"0","LEADER REACH":"0","LEADER RANGE":"0","BUILDING":"FALSE","BUILDING DURATION":"0","BUILDING UNIT HP":"0","BUILDING UNIT ATK":"0","ENERGY GENERATION":"0","BURN TIMER":"0","RECOVERY AMOUNT":"0","SELF RECOVERY":"0","ACID DMG":"0","SLOW TIME":"0","STUN TIME":"0","BURN DMG":"0","TELEPORT TIME":"0","SPD DECREASE":"0","DIGGING DMG":"8","INFO":"Burrows to a specificed location before emerging","NOTICE":""},{"Unit Name":"Mothra 92","ALIASES":"Mothra Imago","EMOJI":"<:Mothra_92:982860693852278804>","COST":"4","RARITY":"4","IS A UNIT":"TRUE","IS AN EFFECT":"FALSE","HP":"602","ATK":"19","ATK SPD":"2","HITS PER ATTACK":"10","RUSH MULTIPLIER":"0","AOE":"FALSE","ATK SPD AIR":"0","EFFECT RANGE":"0","REACH":"Medium","SEARCH":"Wide","EVOLVE TIME":"0","EVOLUTION":"Mothra Larva","ISFINALEVOLUTION":"TRUE","LEADER":"TRUE","LEADER HP":"5218","LEADER ATK":"51","LEADER ATK SPD":"2.5","LEADER REACH":"Long","LEADER RANGE":"Wide","BUILDING":"FALSE","BUILDING DURATION":"0","BUILDING UNIT HP":"0","BUILDING UNIT ATK":"0","ENERGY GENERATION":"0","BURN TIMER":"0","RECOVERY AMOUNT":"0","SELF RECOVERY":"0","ACID DMG":"0","SLOW TIME":"0","STUN TIME":"0","BURN DMG":"0","TELEPORT TIME":"0","SPD DECREASE":"0","DIGGING DMG":"0","INFO":"","NOTICE":""},{"Unit Name":"Mothra Larva","ALIASES":"","EMOJI":"<:Mothra_Larva:982860694821158992>","COST":"3","RARITY":"4","IS A UNIT":"TRUE","IS AN EFFECT":"FALSE","HP":"321","ATK":"48","ATK SPD":"2","HITS PER ATTACK":"1","RUSH MULTIPLIER":"0","AOE":"FALSE","ATK SPD AIR":"0","EFFECT RANGE":"0","REACH":"Long","SEARCH":"Wide","EVOLVE TIME":"30","EVOLUTION":"Mothra 92","ISFINALEVOLUTION":"FALSE","LEADER":"FALSE","LEADER HP":"0","LEADER ATK":"0","LEADER ATK SPD":"0","LEADER REACH":"0","LEADER RANGE":"0","BUILDING":"FALSE","BUILDING DURATION":"0","BUILDING UNIT HP":"0","BUILDING UNIT ATK":"0","ENERGY GENERATION":"0","BURN TIMER":"0","RECOVERY AMOUNT":"0","SELF RECOVERY":"0","ACID DMG":"0","SLOW TIME":"2.7","STUN TIME":"0","BURN DMG":"0","TELEPORT TIME":"0","SPD DECREASE":"0","DIGGING DMG":"0","INFO":"","NOTICE":""},{"Unit Name":"Mothra Leo","ALIASES":"","EMOJI":"<:Mothra_Leo:982860695752298537>","COST":"5","RARITY":"4","IS A UNIT":"TRUE","IS AN EFFECT":"FALSE","HP":"827","ATK":"185","ATK SPD":"2.5","HITS PER ATTACK":"1","RUSH MULTIPLIER":"2","AOE":"FALSE","ATK SPD AIR":"0","EFFECT RANGE":"0","REACH":"Medium","SEARCH":"Wide","EVOLVE TIME":"0","EVOLUTION":"","ISFINALEVOLUTION":"","LEADER":"FALSE","LEADER HP":"0","LEADER ATK":"0","LEADER ATK SPD":"0","LEADER REACH":"0","LEADER RANGE":"0","BUILDING":"FALSE","BUILDING DURATION":"0","BUILDING UNIT HP":"0","BUILDING UNIT ATK":"0","ENERGY GENERATION":"0","BURN TIMER":"0","RECOVERY AMOUNT":"0","SELF RECOVERY":"0","ACID DMG":"0","SLOW TIME":"0","STUN TIME":"0","BURN DMG":"0","TELEPORT TIME":"0","SPD DECREASE":"0","DIGGING DMG":"0","INFO":"","NOTICE":""},{"Unit Name":"Neronga","ALIASES":"","EMOJI":"<:Neronga:992419232442744852>","COST":"4","RARITY":"3","IS A UNIT":"TRUE","IS AN EFFECT":"FALSE","HP":"264","ATK":"53","ATK SPD":"2.7","HITS PER ATTACK":"1","RUSH MULTIPLIER":"0","AOE":"FALSE","ATK SPD AIR":"0","EFFECT RANGE":"0","REACH":"Long","SEARCH":"Wide","EVOLVE TIME":"0","EVOLUTION":"","ISFINALEVOLUTION":"","LEADER":"FALSE","LEADER HP":"0","LEADER ATK":"0","LEADER ATK SPD":"0","LEADER REACH":"0","LEADER RANGE":"0","BUILDING":"FALSE","BUILDING DURATION":"0","BUILDING UNIT HP":"0","BUILDING UNIT ATK":"0","ENERGY GENERATION":"0","BURN TIMER":"0","RECOVERY AMOUNT":"0","SELF RECOVERY":"0","ACID DMG":"0","SLOW TIME":"0","STUN TIME":"0.6","BURN DMG":"0","TELEPORT TIME":"0","SPD DECREASE":"0","DIGGING DMG":"0","INFO":"","NOTICE":""},{"Unit Name":"Psychic Chorus","ALIASES":"","EMOJI":"<:Psychic_Chorus:982860697757188186>","COST":"3","RARITY":"1","IS A UNIT":"FALSE","IS AN EFFECT":"TRUE","HP":"0","ATK":"0","ATK SPD":"5","HITS PER ATTACK":"5","RUSH MULTIPLIER":"0","AOE":"FALSE","ATK SPD AIR":"0","EFFECT RANGE":"Medium","REACH":"0","SEARCH":"Medium","EVOLVE TIME":"0","EVOLUTION":"","ISFINALEVOLUTION":"","LEADER":"FALSE","LEADER HP":"0","LEADER ATK":"0","LEADER ATK SPD":"0","LEADER REACH":"0","LEADER RANGE":"0","BUILDING":"FALSE","BUILDING DURATION":"0","BUILDING UNIT HP":"0","BUILDING UNIT ATK":"0","ENERGY GENERATION":"0","BURN TIMER":"0","RECOVERY AMOUNT":"20","SELF RECOVERY":"0","ACID DMG":"0","SLOW TIME":"0","STUN TIME":"0","BURN DMG":"0","TELEPORT TIME":"0","SPD DECREASE":"0","DIGGING DMG":"0","INFO":"","NOTICE":""},{"Unit Name":"Rodan 64","ALIASES":"","EMOJI":"<:Rodan_93:982860699946594324>","COST":"4","RARITY":"3","IS A UNIT":"TRUE","IS AN EFFECT":"FALSE","HP":"178","ATK":"53","ATK SPD":"1.4","HITS PER ATTACK":"1","RUSH MULTIPLIER":"0","AOE":"FALSE","ATK SPD AIR":"0","EFFECT RANGE":"0","REACH":"Short","SEARCH":"Medium","EVOLVE TIME":"0","EVOLUTION":"","ISFINALEVOLUTION":"","LEADER":"FALSE","LEADER HP":"0","LEADER ATK":"0","LEADER ATK SPD":"0","LEADER REACH":"0","LEADER RANGE":"0","BUILDING":"FALSE","BUILDING DURATION":"0","BUILDING UNIT HP":"0","BUILDING UNIT ATK":"0","ENERGY GENERATION":"0","BURN TIMER":"0","RECOVERY AMOUNT":"0","SELF RECOVERY":"0","ACID DMG":"0","SLOW TIME":"0","STUN TIME":"0","BURN DMG":"0","TELEPORT TIME":"0","SPD DECREASE":"0","DIGGING DMG":"0","INFO":"","NOTICE":""},{"Unit Name":"Rodan 93","ALIASES":"","EMOJI":"<:Rodan1993:982860700886134784>","COST":"4","RARITY":"4","IS A UNIT":"TRUE","IS AN EFFECT":"FALSE","HP":"572","ATK":"118","ATK SPD":"2.1","HITS PER ATTACK":"1","RUSH MULTIPLIER":"0","AOE":"FALSE","ATK SPD AIR":"0","EFFECT RANGE":"0","REACH":"Short","SEARCH":"Wide","EVOLVE TIME":"25","EVOLUTION":"Fire Rodan","ISFINALEVOLUTION":"FALSE","LEADER":"FALSE","LEADER HP":"0","LEADER ATK":"0","LEADER ATK SPD":"0","LEADER REACH":"0","LEADER RANGE":"0","BUILDING":"FALSE","BUILDING DURATION":"0","BUILDING UNIT HP":"0","BUILDING UNIT ATK":"0","ENERGY GENERATION":"0","BURN TIMER":"0","RECOVERY AMOUNT":"0","SELF RECOVERY":"0","ACID DMG":"0","SLOW TIME":"0","STUN TIME":"0","BURN DMG":"0","TELEPORT TIME":"0","SPD DECREASE":"0","DIGGING DMG":"0","INFO":"Raises speed of your nearby units when summoned","NOTICE":""},{"Unit Name":"Shin Godzilla (Stage 1)","ALIASES":"Godzilla 2016 (Stage 1), Kamata-kun, Shin Godzilla Form 2","EMOJI":"<:Shin_Godzilla_Stage_1:982860702471565353>","COST":"4","RARITY":"4","IS A UNIT":"TRUE","IS AN EFFECT":"FALSE","HP":"354","ATK":"33","ATK SPD":"2.6","HITS PER ATTACK":"1","RUSH MULTIPLIER":"0","AOE":"FALSE","ATK SPD AIR":"0","EFFECT RANGE":"0","REACH":"Medium","SEARCH":"Medium","EVOLVE TIME":"25","EVOLUTION":"Shin Godzilla (Stage 2), Shin Godzilla (Stage 3)","ISFINALEVOLUTION":"FALSE","LEADER":"FALSE","LEADER HP":"0","LEADER ATK":"0","LEADER ATK SPD":"0","LEADER REACH":"0","LEADER RANGE":"0","BUILDING":"FALSE","BUILDING DURATION":"0","BUILDING UNIT HP":"0","BUILDING UNIT ATK":"0","ENERGY GENERATION":"0","BURN TIMER":"0","RECOVERY AMOUNT":"0","SELF RECOVERY":"0","ACID DMG":"0","SLOW TIME":"0","STUN TIME":"0","BURN DMG":"0","TELEPORT TIME":"0","SPD DECREASE":"0","DIGGING DMG":"0","INFO":"","NOTICE":""},{"Unit Name":"Shin Godzilla (Stage 2)","ALIASES":"Godzilla 2016 (Stage 2), Shinagawa-kun, Shin Godzilla Form 3","EMOJI":"<:Shin_Godzilla_Stage_2:982860704124133426>","COST":"5","RARITY":"4","IS A UNIT":"TRUE","IS AN EFFECT":"FALSE","HP":"418","ATK":"143","ATK SPD":"2.5","HITS PER ATTACK":"1","RUSH MULTIPLIER":"0","AOE":"FALSE","ATK SPD AIR":"0","EFFECT RANGE":"0","REACH":"Medium","SEARCH":"Medium","EVOLVE TIME":"25","EVOLUTION":"Shin Godzilla (Stage 1), Shin Godzilla (Stage 3)","ISFINALEVOLUTION":"FALSE","LEADER":"FALSE","LEADER HP":"0","LEADER ATK":"0","LEADER ATK SPD":"0","LEADER REACH":"0","LEADER RANGE":"0","BUILDING":"FALSE","BUILDING DURATION":"0","BUILDING UNIT HP":"0","BUILDING UNIT ATK":"0","ENERGY GENERATION":"0","BURN TIMER":"0","RECOVERY AMOUNT":"0","SELF RECOVERY":"0","ACID DMG":"0","SLOW TIME":"0","STUN TIME":"0","BURN DMG":"0","TELEPORT TIME":"0","SPD DECREASE":"0","DIGGING DMG":"0","INFO":"","NOTICE":""},{"Unit Name":"Shin Godzilla (Stage 3)","ALIASES":"Godzilla 2016 (Stage 3), Kamakura-san, Shin Godzilla Form 4","EMOJI":"<:Shin_Godzilla_Stage_3:982860705545981972>","COST":"6","RARITY":"4","IS A UNIT":"TRUE","IS AN EFFECT":"FALSE","HP":"983","ATK":"196","ATK SPD":"3.2","HITS PER ATTACK":"1","RUSH MULTIPLIER":"0","AOE":"FALSE","ATK SPD AIR":"2.6","EFFECT RANGE":"0","REACH":"Long","SEARCH":"Wide","EVOLVE TIME":"0","EVOLUTION":"Shin Godzilla (Stage 1), Shin Godzilla (Stage 2)","ISFINALEVOLUTION":"TRUE","LEADER":"TRUE","LEADER HP":"5218","LEADER ATK":"284","LEADER ATK SPD":"3.2","LEADER REACH":"Long","LEADER RANGE":"Wide","BUILDING":"FALSE","BUILDING DURATION":"0","BUILDING UNIT HP":"0","BUILDING UNIT ATK":"0","ENERGY GENERATION":"0","BURN TIMER":"0","RECOVERY AMOUNT":"0","SELF RECOVERY":"0","ACID DMG":"0","SLOW TIME":"0","STUN TIME":"0","BURN DMG":"0","TELEPORT TIME":"0","SPD DECREASE":"0","DIGGING DMG":"0","INFO":"","NOTICE":""},{"Unit Name":"SpaceGodzilla","ALIASES":"","EMOJI":"<:Space_Godzilla:982860706753937479>","COST":"6","RARITY":"4","IS A UNIT":"TRUE","IS AN EFFECT":"FALSE","HP":"700","ATK":"127","ATK SPD":"2.6","HITS PER ATTACK":"1","RUSH MULTIPLIER":"0","AOE":"FALSE","ATK SPD AIR":"0","EFFECT RANGE":"0","REACH":"Long","SEARCH":"Wide","EVOLVE TIME":"0","EVOLUTION":"","ISFINALEVOLUTION":"","LEADER":"TRUE","LEADER HP":"5218","LEADER ATK":"283","LEADER ATK SPD":"2.2","LEADER REACH":"Long","LEADER RANGE":"Wide","BUILDING":"FALSE","BUILDING DURATION":"0","BUILDING UNIT HP":"0","BUILDING UNIT ATK":"0","ENERGY GENERATION":"0","BURN TIMER":"0","RECOVERY AMOUNT":"0","SELF RECOVERY":"0","ACID DMG":"0","SLOW TIME":"0","STUN TIME":"0","BURN DMG":"0","TELEPORT TIME":"0","SPD DECREASE":"0","DIGGING DMG":"0","INFO":"","NOTICE":""},{"Unit Name":"Super X","ALIASES":"","EMOJI":"<:Super_X:982860708565880872>","COST":"5","RARITY":"3","IS A UNIT":"TRUE","IS AN EFFECT":"FALSE","HP":"90","ATK":"13","ATK SPD":"2.9","HITS PER ATTACK":"3","RUSH MULTIPLIER":"0","AOE":"FALSE","ATK SPD AIR":"0","EFFECT RANGE":"0","REACH":"Long","SEARCH":"Wide","EVOLVE TIME":"0","EVOLUTION":"","ISFINALEVOLUTION":"","LEADER":"FALSE","LEADER HP":"0","LEADER ATK":"0","LEADER ATK SPD":"0","LEADER REACH":"0","LEADER RANGE":"0","BUILDING":"FALSE","BUILDING DURATION":"0","BUILDING UNIT HP":"0","BUILDING UNIT ATK":"0","ENERGY GENERATION":"0","BURN TIMER":"0","RECOVERY AMOUNT":"0","SELF RECOVERY":"0","ACID DMG":"0","SLOW TIME":"0","STUN TIME":"0","BURN DMG":"0","TELEPORT TIME":"0","SPD DECREASE":"0","DIGGING DMG":"0","INFO":"","NOTICE":""},{"Unit Name":"Ultraman","ALIASES":"Shin Ultraman","EMOJI":"<:Ultraman:992419230760829060>","COST":"5","RARITY":"4","IS A UNIT":"TRUE","IS AN EFFECT":"FALSE","HP":"730","ATK":"132","ATK SPD":"2.6","HITS PER ATTACK":"1","RUSH MULTIPLIER":"0","AOE":"FALSE","ATK SPD AIR":"0","EFFECT RANGE":"0","REACH":"Long","SEARCH":"Wide","EVOLVE TIME":"0","EVOLUTION":"","ISFINALEVOLUTION":"","LEADER":"TRUE","LEADER HP":"5218","LEADER ATK":"262","LEADER ATK SPD":"2.8","LEADER REACH":"0","LEADER RANGE":"0","BUILDING":"FALSE","BUILDING DURATION":"0","BUILDING UNIT HP":"0","BUILDING UNIT ATK":"0","ENERGY GENERATION":"0","BURN TIMER":"0","RECOVERY AMOUNT":"0","SELF RECOVERY":"0","ACID DMG":"0","SLOW TIME":"0","STUN TIME":"0","BURN DMG":"0","TELEPORT TIME":"0","SPD DECREASE":"0","DIGGING DMG":"0","INFO":"","NOTICE":""},{"Unit Name":"Unmanned Train Bomb","ALIASES":"","EMOJI":"<:Unmanned_Train_Bomb:982860711430602763>","COST":"4","RARITY":"2","IS A UNIT":"FALSE","IS AN EFFECT":"TRUE","HP":"0","ATK":"40","ATK SPD":"0","HITS PER ATTACK":"2","RUSH MULTIPLIER":"0","AOE":"TRUE","ATK SPD AIR":"0","EFFECT RANGE":"Medium","REACH":"0","SEARCH":"0","EVOLVE TIME":"0","EVOLUTION":"","ISFINALEVOLUTION":"","LEADER":"FALSE","LEADER HP":"0","LEADER ATK":"0","LEADER ATK SPD":"0","LEADER REACH":"0","LEADER RANGE":"0","BUILDING":"FALSE","BUILDING DURATION":"0","BUILDING UNIT HP":"0","BUILDING UNIT ATK":"0","ENERGY GENERATION":"0","BURN TIMER":"0","RECOVERY AMOUNT":"0","SELF RECOVERY":"0","ACID DMG":"0","SLOW TIME":"0","STUN TIME":"0","BURN DMG":"0","TELEPORT TIME":"0","SPD DECREASE":"0","DIGGING DMG":"0","INFO":"","NOTICE":""},{"Unit Name":"Zetton","ALIASES":"","EMOJI":"<:Zetton:1014706265022267423>","COST":"8","RARITY":"4","IS A UNIT":"TRUE","IS AN EFFECT":"FALSE","HP":"1108","ATK":"21","ATK SPD":"1.2","HITS PER ATTACK":"1","RUSH MULTIPLIER":"0","AOE":"FALSE","ATK SPD AIR":"0","EFFECT RANGE":"0","REACH":"Long","SEARCH":"Wide","EVOLVE TIME":"0","EVOLUTION":"","ISFINALEVOLUTION":"","LEADER":"FALSE","LEADER HP":"0","LEADER ATK":"0","LEADER ATK SPD":"0","LEADER REACH":"0","LEADER RANGE":"0","BUILDING":"FALSE","BUILDING DURATION":"0","BUILDING UNIT HP":"0","BUILDING UNIT ATK":"0","ENERGY GENERATION":"0","BURN TIMER":"0","RECOVERY AMOUNT":"0","SELF RECOVERY":"0","ACID DMG":"0","SLOW TIME":"0","STUN TIME":"0","BURN DMG":"0","TELEPORT TIME":"0","SPD DECREASE":"0","DIGGING DMG":"0","INFO":"","NOTICE":""}]